GWh,Albania,Austria,Belgium,Bosnia and Herzegovina,Bulgaria,Croatia,Cyprus,Czech Republic,Denmark,Estonia,Finland,France,Georgia,Germany,Greece,Hungary,Iceland,Ireland,Italy,Kosovo,Latvia,Lithuania,Luxembourg,Malta,Moldova,Montenegro,Netherlands,North Macedonia,Norway,Poland,Portugal,Romania,Serbia,Slovakia,Slovenia,Spain,Sweden,Turkey,Ukraine,United Kingdom
2016-01 ,0.0,9305.0,15744.0,0.0,8508.0,2160.0,755.0,14501.0,6843.0,2178.0,14193.0,111718.0,0.0,97553.0,8527.0,5576.0,0.0,5106.0,44607.0,0.0,1298.0,725.0,386.0,118.0,0.0,392.0,20132.0,1182.0,32496.0,27575.0,11200.0,11236.0,7268.0,4324.0,2453.0,44914.0,32872.0,44160.0,0.0,61620.0
2016-02 ,0.0,10357.0,13934.0,0.0,6732.0,2460.0,631.0,13437.0,5511.0,1484.0,12257.0,103492.0,0.0,90260.0,6437.0,5010.0,0.0,4908.0,41447.0,0.0,886.0,682.0,386.0,88.0,0.0,402.0,18038.0,839.0,27955.0,24826.0,10976.0,9562.0,7123.0,4440.0,2448.0,42810.0,30236.0,39338.0,0.0,50410.0
2016-03 ,0.0,9442.0,14554.0,0.0,6528.0,2646.0,611.0,14827.0,5028.0,1344.0,12467.0,103552.0,0.0,88919.0,6642.0,5051.0,0.0,5008.0,42299.0,0.0,1154.0,538.0,380.0,86.0,0.0,606.0,19434.0,908.0,22441.0,25268.0,9921.0,9903.0,7421.0,4440.0,2678.0,45123.0,29590.0,41610.0,0.0,58081.0
2016-04 ,0.0,9811.0,12790.0,0.0,5340.0,1892.0,581.0,12958.0,4692.0,1482.0,11119.0,85117.0,0.0,78215.0,5861.0,4465.0,0.0,4658.0,38873.0,0.0,1188.0,523.0,372.0,80.0,0.0,449.0,17282.0,717.0,23229.0,23598.0,9882.0,9911.0,6028.0,3570.0,2468.0,42346.0,26380.0,40172.0,0.0,52972.0
2016-05 ,0.0,10584.0,11249.0,0.0,5644.0,1788.0,647.0,12575.0,3420.0,1224.0,9487.0,79607.0,0.0,74531.0,6123.0,4656.0,0.0,4448.0,41351.0,0.0,1050.0,484.0,336.0,74.0,0.0,0.0,15830.0,745.0,22441.0,22908.0,9477.0,8418.0,5862.0,3178.0,2621.0,39956.0,22985.0,41184.0,0.0,48307.0
2016-06 ,0.0,11504.0,10891.0,0.0,6322.0,1852.0,832.0,11300.0,2806.0,1326.0,8707.0,78719.0,0.0,74516.0,7900.0,4388.0,0.0,4346.0,42300.0,0.0,828.0,602.0,288.0,100.0,0.0,292.0,15430.0,693.0,21886.0,23116.0,8804.0,9390.0,5056.0,3176.0,2851.0,39493.0,18202.0,43126.0,0.0,47580.0
2016-07 ,0.0,11720.0,12183.0,0.0,6670.0,1672.0,1021.0,11176.0,3346.0,1668.0,8793.0,75754.0,0.0,74415.0,9272.0,5191.0,0.0,4670.0,47848.0,0.0,662.0,441.0,264.0,152.0,0.0,295.0,15594.0,723.0,20542.0,23910.0,9120.0,10210.0,5136.0,4118.0,2896.0,44108.0,19700.0,45825.0,0.0,46717.0
2016-08 ,0.0,10769.0,13256.0,0.0,6714.0,1744.0,1007.0,10854.0,3848.0,2012.0,9111.0,71018.0,0.0,75549.0,8579.0,4576.0,0.0,4722.0,41885.0,0.0,708.0,477.0,276.0,162.0,0.0,270.0,15980.0,665.0,20611.0,23682.0,8906.0,9447.0,5662.0,4166.0,2640.0,42470.0,20709.0,49499.0,0.0,46773.0
2016-09 ,0.0,9214.0,11536.0,0.0,6394.0,1540.0,827.0,10557.0,3249.0,1928.0,9039.0,71712.0,0.0,79782.0,7280.0,5070.0,0.0,4662.0,45374.0,0.0,534.0,563.0,280.0,140.0,0.0,302.0,18671.0,687.0,20942.0,23826.0,8692.0,8551.0,5319.0,3786.0,2431.0,41100.0,21700.0,40348.0,0.0,49203.0
2016-10 ,0.0,9993.0,11873.0,0.0,6542.0,2116.0,707.0,12643.0,5593.0,2132.0,11273.0,78627.0,0.0,86412.0,7713.0,5084.0,0.0,4858.0,45827.0,0.0,1058.0,625.0,312.0,132.0,0.0,375.0,21350.0,883.0,23972.0,26584.0,8314.0,9650.0,5992.0,3714.0,1743.0,42756.0,24214.0,41815.0,0.0,54250.0
2016-11 ,0.0,10535.0,13148.0,0.0,6930.0,2568.0,614.0,13599.0,6359.0,2166.0,12645.0,90934.0,0.0,91872.0,7793.0,4711.0,0.0,5118.0,47631.0,0.0,1632.0,870.0,370.0,100.0,0.0,498.0,21798.0,1048.0,26129.0,27396.0,9277.0,10479.0,6294.0,4342.0,2621.0,42980.0,26027.0,43117.0,0.0,59934.0
2016-12 ,0.0,11163.0,14721.0,0.0,8238.0,2262.0,811.0,14241.0,6406.0,1884.0,12647.0,102170.0,0.0,91674.0,10056.0,5041.0,0.0,5162.0,49311.0,0.0,1458.0,839.0,372.0,120.0,0.0,415.0,21706.0,1292.0,28000.0,28316.0,9779.0,11478.0,6628.0,4486.0,2747.0,43319.0,29298.0,47054.0,0.0,61389.0
2017-01 ,0.0,18541.634,19061.424,3857.773,11331.2,3648.315,1260.6979999999999,21782.102,9287.66,2352.0,17756.0,125786.948,0.0,59880.78,16836.915,7662.064,4467.107,8300.184000000001,55631.0,0.0,1955.0,839.103,536.443,220.713,0.0,576.0,11407.0,2035.749,45933.375,44489.547,16245.028999999999,16421.0,7420.33,5503.0,3444.404,68439.088,41968.69,24232.363,0.0,87275.765
2017-02 ,0.0,14526.911,16972.997,3460.05,9398.446,3397.911,1056.817,18811.438,9737.955,2041.0,15753.0,105833.848,0.0,53136.724,12661.235,5399.063,4105.213,7451.973,45757.0,0.0,1624.0,840.229,510.868,177.648,0.0,783.0,10297.0,1664.5170000000003,39468.504,39478.689,15088.888,13978.0,7134.741,4976.0,3061.661,56408.247,37609.684,21812.381,0.0,78587.79400000001
2017-03 ,0.0,16391.661,17528.876,3624.656,9310.407,3210.927,994.669,19841.132999999998,9368.086,2153.5,16784.0,108881.85800000001,0.0,55444.123999999996,10972.857,6224.139999999999,4639.8099999999995,7772.717000000001,46370.0,0.0,2120.0,883.834,518.2139999999999,213.947,0.0,819.0,9838.0,1209.591,38435.982,39218.838,15132.964,14940.0,6985.271000000001,5409.0,3438.116,55491.268000000004,39325.645000000004,22913.368,0.0,78233.17300000001
2017-04 ,0.0,14870.818000000001,13947.434000000001,2859.751,8161.326,2496.1530000000002,883.137,19451.106,8252.032,1857.6999999999998,13645.0,90792.693,0.0,50702.166,9685.255,5685.039,4300.237,6893.807000000001,44296.0,0.0,1691.0,822.304,508.642,281.537,0.0,408.0,8666.0,1095.525,34613.535,36544.14,13122.762999999999,13052.0,6250.502,4502.0,2903.893,51210.30500000001,35017.242,34667.583,0.0,68615.084
2017-05 ,0.0,16224.905999999999,14528.611,2512.553,7920.073,2185.452,996.518,16798.244,6135.179999999999,2036.0,12931.0,87840.145,0.0,51850.015999999996,10945.513,5691.623,4396.912,6843.098,48090.0,0.0,1321.0,859.058,412.724,241.161,0.0,201.0,8084.0,1013.265,33710.307,36528.801999999996,13798.879,12542.0,6450.634,4769.0,3310.986,55164.278,31609.265,35810.397,0.0,68522.323
2017-06 ,0.0,15329.272,15991.66,3245.127,7907.815,1671.525,1162.798,14515.686,5543.11,1748.0,11035.0,79290.167,0.0,51724.377,12468.066,5715.291,4215.457,6776.105,53413.0,0.0,934.0,839.67,367.497,409.225,0.0,279.0,8215.0,936.78,33203.259000000005,35530.608,14097.785,12409.0,5751.466,4549.0,2993.678,60653.83,27724.243000000002,66022.551,0.0,64766.28
2017-07 ,0.0,16032.986,16987.564,3385.022,8767.238,2384.748,1641.279,13540.477,4543.593,1538.0,10887.0,83924.457,0.0,49431.438,15123.417,6252.173000000001,4328.807,7055.0470000000005,56015.0,0.0,918.0,685.979,355.03,489.267,0.0,522.0,8432.0,1185.324,31872.405,36696.962,15211.473,12702.0,5778.448,4763.0,3416.614,62893.826,29566.217,81525.12,0.0,65579.51699999999
2017-08 ,0.0,17452.335,16424.851,3324.078,8870.208999999999,2697.807,1494.4969999999998,16025.061,4885.983,1710.0,10900.0,78581.76999999999,0.0,52755.951,15497.518999999998,6191.0470000000005,4368.31,6860.039,51752.0,0.0,965.0,751.223,450.24199999999996,569.271,0.0,516.0,7207.0,1260.0810000000001,33334.833,36876.036,15451.229,12406.0,6236.132,4821.0,3416.4539999999997,58944.691,29206.059999999998,80481.59,0.0,64688.61
2017-09 ,0.0,17846.72,15692.035,0.0,8194.006,2716.131,1316.8029999999999,17680.803,5185.447999999999,1662.6,12714.0,82740.27100000001,0.0,52362.947,11918.696,5983.88,4268.052000000001,7079.879,47671.0,0.0,1247.0,836.378,473.476,636.614,0.0,447.0,7711.0,997.9769999999999,34074.948000000004,36840.059,13787.143,12040.0,6098.412,4649.0,3623.322,55051.996,29388.061,69120.596,0.0,67916.516
2017-10 ,0.0,16574.588,17153.395,0.0,8337.938,2603.55,1051.763,18847.228000000003,7746.911,1920.2,15160.0,87210.319,0.0,57704.138000000006,12141.954,6726.504,4427.685,7114.611,47858.0,0.0,1495.0,1065.936,617.303,520.7049999999999,0.0,540.0,9955.0,1184.699,37287.168,39524.439,12324.0,13135.0,6462.023999999999,4698.0,3226.7529999999997,59342.327,34164.032,67736.75200000001,26230.199999999997,75843.183
2017-11 ,0.0,17494.882999999998,17263.373,0.0,9468.946,3322.248,954.447,20248.762,8141.6,1960.0,16385.0,100217.165,0.0,58323.638,12799.89,7213.6900000000005,4422.79,7531.305,49458.0,0.0,1711.0,950.23,559.8240000000001,274.715,0.0,807.0,11311.0,1422.216,41228.676,40058.631,13808.0,13660.0,6105.271,5404.0,3360.753,63733.054000000004,38252.194,68986.571,27894.2,85433.973
2017-12 ,0.0,17213.034,19116.635,0.0,9677.064,4299.606,1087.808,18771.439,9546.920999999998,1760.0,17567.0,116496.393,0.0,60575.096,13376.682,7330.219,4605.617,8023.634,48736.0,0.0,1683.0,986.126,520.194,417.525,0.0,1107.0,11074.0,1671.3990000000001,44596.497,40788.495,14542.0,15560.0,8030.79,5419.0,3614.709,66777.32,41184.42,75188.58099999999,29674.0,88424.916
2018-01 ,2652.8579999999997,18904.764,17382.978,3889.045,9729.713,4305.156,1160.5720000000001,18801.505,9306.567,2036.0,18557.0,101643.598,2970.675,59677.575,13091.729,6917.028,4624.724,8086.558999999999,46809.0,0.0,2112.0,956.15,558.9680000000001,326.907,0.0,1191.0,10544.0,1440.579,46886.268,41344.911,15525.0,15407.0,8613.482,5977.0,3551.1270000000004,58276.365000000005,42400.879,74951.63,30366.6,86570.27799999999
2018-02 ,3164.8949999999995,16683.809,17535.047,3873.489,9217.27,4059.3599999999997,971.165,17872.437,9383.168,1880.0,17968.0,95713.63399999999,2729.571,55630.937,11895.474,6234.42,4183.264,7244.276,44826.0,0.0,1902.0,652.227,491.79499999999996,448.922,0.0,1404.0,10736.0,1664.826,44387.676,38688.068999999996,13897.0,15098.0,7672.278,5032.0,3219.326,56313.29,39869.365999999995,67071.452,28195.6,80124.274
2018-03 ,3874.3949999999995,15736.805,17779.766,4751.942,9671.365,4673.217000000001,977.6610000000001,20989.845,10667.107,2280.4,19297.0,92787.656,2924.886,59444.685000000005,12426.087,5749.874,4584.707,7821.633,48716.0,0.0,1934.0,795.0790000000001,577.052,327.014,0.0,1524.0,10234.0,1568.88,42227.502,41474.19,18021.0,15822.0,8423.2,5221.0,3760.603,60787.947,40951.258,69760.893,30460.2,85783.132
2018-04 ,3522.549,16919.918,13719.971,3243.13,7244.209,3556.458,913.9649999999999,16391.486,7753.467,1989.0,14647.0,74491.593,3147.4260000000004,51044.832,9907.269,5500.555,4347.936,7278.057,43908.0,0.0,1844.0,858.446,567.356,289.914,0.0,1017.0,9302.0,1028.988,31640.291999999998,34979.667,14191.0,12901.0,7538.779,4784.0,3066.389,54143.058000000005,33324.325,67280.79000000001,23881.8,73267.12599999999
2018-05 ,3023.193,17792.942,13418.544,3250.7529999999997,7354.764,2770.917,1137.138,17151.235,4743.234,1425.086,13262.0,74217.492,3431.8740000000003,48698.240999999995,11289.621,5003.059,4499.775000000001,7164.6990000000005,48163.0,0.0,1015.0,707.467,545.731,458.408,0.0,600.0,8509.0,948.5219999999999,30773.688000000002,35134.971,12748.0,12592.0,6664.767,4273.0,3520.581,53481.297,33713.055,68342.542,23227.2,67718.813
2018-06 ,1601.844,16506.561,13469.55,0.0,8301.318000000001,2772.3720000000003,1250.881,16131.628,4385.844,1586.0,11004.0,70442.924,3586.584,49453.323000000004,12610.081,4852.079,4261.621,6924.44,56478.0,0.0,825.0,538.109,420.801,445.245,0.0,723.0,8310.0,1079.541,29043.627,35779.263,14279.0,12442.0,6107.321,3853.0,3052.348,53254.859,28714.146,68534.357,23244.8,63633.921
2018-07 ,1708.932,14147.501999999999,14329.974,0.0,8901.064999999999,2803.458,1563.76,16522.326,4379.06,1634.0,11584.0,73550.849,3767.1240000000003,52813.678,14178.449999999999,6560.187,4392.147,7127.439,60388.0,0.0,1055.0,509.93,238.945,613.5070000000001,0.0,783.0,0.0,1099.557,28092.759000000002,38649.507,15157.0,13829.0,6315.638,4509.0,3266.779,58385.664000000004,24516.476000000002,84047.81000000001,24328.8,66087.312
2018-08 ,1745.328,12322.415,13878.604000000001,0.0,9385.822,3002.061,1522.087,16705.774,4899.6449999999995,2124.0,11682.0,66838.24900000001,2908.749,53972.521,14765.69,5933.757,4430.21,6987.5289999999995,54911.0,0.0,1285.0,623.713,328.216,621.758,0.0,777.0,8415.0,1114.875,31632.888,38373.33,14293.0,13793.0,5933.543,4579.0,3257.568,58697.191000000006,26388.434,79420.381,24245.2,65526.104999999996
2018-09 ,1468.407,13227.039,12217.366,0.0,8762.833,2348.037,1326.4859999999999,17438.76,6483.351,1692.0,12602.0,71041.302,2504.493,50960.541999999994,13137.214,6208.456,4350.066,6665.917,53900.0,0.0,1089.0,786.419,372.325,540.3530000000001,0.0,654.0,16100.742,1250.8229999999999,33593.259,36763.716,13676.0,12383.0,5434.298,4109.0,3294.2830000000004,55667.814,28254.826,72033.985,23279.6,66715.08
2018-10 ,815.769,14517.892,14988.805,0.0,9265.955,2627.541,1114.598,19247.337,7881.355,1630.0,15092.0,77126.317,2301.303,55103.271,12217.488,6527.76,4578.548000000001,7163.182,50517.0,0.0,1113.0,919.3919999999999,461.203,489.908,0.0,681.0,19440.0,1294.3919999999998,39843.659999999996,39478.553,13029.0,13333.0,5979.236,3882.0,3437.066,56839.348,32960.095,67444.682,26016.6,75951.366
2018-11 ,790.4369999999999,15709.855,16374.315,0.0,10595.024,3261.369,973.827,19989.769,7569.378000000001,1874.0,16677.0,84816.725,2633.931,56103.402,12392.545,6589.266,4538.442,7737.125,53403.0,0.0,1402.0,560.814,258.59000000000003,480.934,0.0,819.0,20090.0,1389.8609999999999,40997.406,39652.365,14650.0,13936.0,6454.92,4634.0,3941.719,58304.672,36957.902,68194.054,29136.0,80663.988
2018-12 ,1421.004,18131.191,15327.977,0.0,11395.382,3589.674,1109.9669999999999,20304.539,9365.045999999998,1517.8,17831.022,97478.23,2894.703,57997.172000000006,14204.208999999999,7123.971,4678.098,7503.804,50899.0,0.0,1506.0,615.492,282.414,450.416,0.0,1056.0,19544.0,1730.364,41416.536,41970.957,14584.0,14187.0,7056.5,5264.0,2995.067,56296.072,41641.603,73786.659,31762.6,80987.735
2019-01 ,1259.541,19531.078,19200.798,3740.6279999999997,11198.655,3601.782,1301.6509999999998,21398.079999999998,10358.349,2090.0,18834.0,103222.54699999999,2954.766,61446.483,15837.676,8042.1669999999995,4651.976000000001,7813.276,53127.0,0.0,1797.0,831.706,498.043,522.934,0.0,995.625,34562.778,1928.2469999999998,44119.929000000004,43619.032,15153.0,14040.0,7424.059,5781.0,3067.509,62638.485,43086.702,73353.595,31421.4,89093.355
2019-02 ,1576.992,16102.864,16452.355,3572.3410000000003,9994.165,3279.4260000000004,1063.5,19242.613,8407.187,1382.0,16471.0,92113.019,2737.701,54315.152,11735.103000000001,5700.368,4261.608,7210.575000000001,45565.0,0.0,1413.0,904.0649999999999,421.615,404.26,0.0,1008.108,30381.114999999998,1488.603,35235.546,37012.497,11165.0,13244.0,7391.42,5252.0,3157.388,53232.818,38696.79,68049.359,27504.2,72892.466
2019-03 ,1028.16,17658.33,17856.785,3572.8109999999997,9370.926,2515.042,1026.027,18833.441,9736.998,1354.0,17361.0,90656.61300000001,2840.442,57840.077000000005,10759.024,5892.438,4700.57,7413.074,48112.0,0.0,2058.0,964.981,504.146,404.563,0.0,826.023,31123.089,1310.856,33914.982,38565.407999999996,11274.0,13480.0,8951.31,6094.0,2970.563,52415.72900000001,41219.29,69989.547,27955.0,76192.393
2019-04 ,960.2070000000001,18221.686,16729.868000000002,2617.085,8506.747000000001,2502.3450000000003,909.492,17152.060999999998,6298.229,1197.6,14777.0,77367.545,2844.765,50641.935000000005,10022.152,5925.743,4418.0509999999995,7213.327,45685.0,0.0,1497.0,762.3009999999999,327.351,414.78,0.0,292.929,25702.051,1137.717,29986.41,35490.234,12258.0,12473.0,6766.209,4847.0,3131.239,50121.333,34752.46,67448.693,24322.0,71472.388
2019-05 ,1562.076,18125.877,16368.978000000001,3057.085,7480.506,3191.193,1044.995,17302.701,6872.98,981.758,13993.0,78080.039,3428.0299999999997,47098.536,9830.902,5306.592000000001,4583.02,7035.045,46948.0,0.0,1263.0,723.645,316.69100000000003,468.68899999999996,0.0,547.125,27731.087,1146.882,29430.138,36070.905,12155.935,13508.0,6837.8820000000005,5562.0,3673.2780000000002,53121.103,33283.426,71007.921,23531.2,67400.938
2019-06 ,1331.8020000000001,19068.141,16243.925,3214.4210000000003,7229.547,2699.689,1279.048,14952.636,4357.487,624.732,12186.0,71273.04500000001,3554.04,43767.799,12300.849,5643.625,4195.28,6834.522999999999,52042.0,0.0,1221.0,751.576,315.759,538.94,0.0,805.701,23974.362,1307.5140000000001,28408.635000000002,34986.684,11688.116,13590.0,6418.2880000000005,4922.0,3778.076,55227.806,32735.102,68982.753,22802.2,65491.575
2019-07 ,1373.415,16963.106,17507.046,3671.025,8325.23,2462.257,1561.4340000000002,14169.018999999998,4873.88,612.8,11881.0,73276.421,3129.744,47240.217000000004,13847.139,6844.638,4221.632,6433.063,58574.0,0.0,1071.0,791.404,301.585,564.54,0.0,793.5690000000001,26977.951,1498.581,29371.248,35739.243,13248.45,12296.0,5764.746999999999,4847.0,3533.6629999999996,62340.148,30735.373,81424.337,22513.0,67607.58499999999
2019-08 ,1433.3700000000001,16157.012,19314.184,3744.745,8554.218,2549.48,1570.641,16068.183,4340.594,804.0,10855.0,68220.898,3013.596,45778.193999999996,14737.279,6317.563,4069.259,6508.029,51561.0,0.0,1575.0,686.9,319.525,620.558,0.0,729.66,26325.638,1595.283,30305.397,35841.333,11352.699999999999,11261.0,5820.423,4965.0,2938.1310000000003,59407.689,27489.851000000002,78317.656,22589.4,65460.402
2019-09 ,775.539,15310.501999999999,19767.68,3178.444,7783.721,2219.146,1329.078,17319.266,6107.799,935.0,11484.0,68874.82500000001,2414.2799999999997,47373.932,11918.512,6322.655000000001,4105.127,6551.418,50219.0,0.0,1659.0,877.6,305.985,488.759,0.0,784.071,26510.085,1391.436,32847.825,34958.118,11600.9,10321.0,5264.731,4382.0,2586.4660000000003,55228.68,29718.671000000002,71475.99799999999,21824.4,66463.628
2019-10 ,789.3119999999999,15689.311,19915.471,2962.621,8243.412,2779.6800000000003,1103.29,19630.872,6652.27,858.716,14539.0,74416.262,2349.261,54101.49800000001,11070.702000000001,7629.182999999999,4387.142,7334.103,47652.0,0.0,1542.0,848.8,423.07899999999995,477.435,0.0,598.392,10596.409,1080.96,34577.151,37632.498,12544.819,11302.0,5817.3240000000005,5014.0,2438.242,54752.617,36313.41,67584.169,24289.4,75844.949
2019-11 ,1299.123,17491.641,19933.47,3805.443,8898.275,4445.441,941.669,19173.444,7570.367,1126.8,15437.0,88026.076,2662.9320000000002,54075.388,9931.671,6911.474,4305.4259999999995,8156.067000000001,46650.0,0.0,1758.0,749.5909999999999,296.12,396.58500000000004,0.0,1146.069,32239.677,1151.955,38601.174,36859.179000000004,15550.275,12517.0,6816.649,5368.0,4096.313,56977.701,38983.034,66915.856,25741.0,78553.91799999999
2019-12 ,2320.362,16665.301,19736.9,4384.008,9598.179,4488.973,1086.846,19463.39,9776.829000000002,908.0,17055.0,97401.139,2952.111,53995.005,11370.378,7056.528,4549.266,8037.7699999999995,45883.0,0.0,1680.0,946.9960000000001,319.062,484.19,0.0,1386.5729999999999,31138.387,1478.955,37105.464,39319.089,17335.604,13243.0,7814.719999999999,5453.0,3903.04,57146.482,41988.263,73285.69,28153.0,79977.088
2020-01 ,1076.4479999999999,16956.75,20122.305,4533.073,9228.019,3478.767,1247.388,20163.857,10581.804,1242.41,17673.051,98859.85399999999,3002.931,55805.387,13487.29,7526.826000000001,4550.6849999999995,8276.295,49893.0,0.0,1887.0,1055.699,78.755,641.745,341.026,1161.039,33367.951,1666.521,40009.278,40315.647,17458.642,13698.0,7546.389,5799.0,3150.5429999999997,58269.748999999996,44305.941,75295.086,27744.4,84408.836
2020-02 ,939.895,17110.661,19165.155,3703.641,8879.720000000001,3150.397,1145.03,17839.051,9804.135,1110.187,16266.474,89114.324,2489.8289999999997,53377.745,10937.742,6715.587,4274.757,8447.528,45400.0,0.0,1812.0,1179.008,0.0,567.652,298.06100000000004,926.163,29767.617000000002,1340.357,38800.947,37564.983,13072.687,12421.0,7474.079,5818.0,2775.959,51799.716,41665.095,70615.624,25812.0,77257.749
2020-03 ,1096.721,17098.626,19609.473,3758.273,9205.672,3286.148,956.23,17354.486,8420.326,1210.9270000000001,17623.183,83812.696,2548.641,51641.251000000004,10180.748,6772.746999999999,4576.2970000000005,8081.972,42475.0,0.0,2022.0,978.266,83.001,493.741,275.898,1068.327,28724.816,1213.977,42709.284,36976.938,13158.475,12521.0,8158.909,5648.0,3016.815,52229.615,44003.21,69920.51000000001,24897.6,76782.95199999999
2020-04 ,814.2919999999999,13924.72,15999.721,3028.352,7442.003,1977.826,715.146,13987.294,6327.381,875.314,14924.939999999999,65145.244,2780.571,41450.657,9525.382,5757.157999999999,4247.263,6372.795,41616.0,0.0,1140.0,910.063,94.757,441.457,154.995,238.686,23987.701,1127.001,37765.953,31549.032,10353.970000000001,9961.0,5924.617,4518.0,2790.514,44633.547999999995,36960.695,57091.398,21032.0,59814.983
2020-05 ,746.9159999999999,16058.608999999999,17795.629,2893.237,6622.541,2550.608,899.066,14454.457999999999,6278.842,862.367,13527.714,64551.939,2917.947,39661.293999999994,9348.298,5565.725,4248.13,7027.26,45957.0,0.0,1326.0,947.057,87.469,474.937,116.205,204.738,27667.565000000002,940.902,36323.718,31734.864,9950.905,9457.0,5725.110000000001,4598.0,3183.83,46863.636,32830.684,59040.581,20595.2,59143.524000000005
2020-06 ,835.952,17649.285,16934.079,2606.427,7258.259,2752.473,987.778,14812.277999999998,4452.986,1031.646,11556.677,59327.631,2963.8410000000003,41661.001000000004,10074.291,5621.654,4001.7340000000004,7026.251,50261.0,0.0,1437.0,997.9060000000001,158.378,532.0160000000001,141.29399999999998,476.655,26929.227,1022.538,31716.189,31324.654,10421.252,10682.0,6109.63,5025.0,3631.023,50827.429000000004,27736.088,66654.168,20224.199999999997,62141.524
2020-07 ,985.06,18191.714,18864.246,3136.58,7720.905000000001,2858.761,1450.368,14141.932,5718.218,1054.325,11541.593,60481.28999999999,2993.217,43527.754,13565.068,6529.1900000000005,4140.77,7424.150000000001,55201.0,0.0,786.0,1112.283,152.937,598.277,61.113,760.764,31461.959000000003,1443.987,33741.369,33826.301999999996,11718.294,12253.0,6243.1810000000005,4949.0,3830.603,62376.411,29095.361,81368.053,21480.0,67299.865
2020-08 ,925.9179999999999,17216.796,17133.314,3393.1130000000003,7613.6990000000005,2787.758,1455.5149999999999,15803.198,3996.622,1671.712,11206.222,59903.257,2808.75,46098.229,12639.862000000001,5945.646,4180.457,7388.09,52199.0,0.0,1185.0,1035.053,164.794,605.9939999999999,44.943,719.514,32220.417,1436.351,34701.687,34077.633,12673.428,12019.0,6640.672,4989.0,3570.217,58790.11,28539.779000000002,82238.607,21094.6,64773.699
2020-09 ,676.7729999999999,16751.834,17224.989,2912.775,7248.983,2916.917,1416.82,15746.244,5287.921,1466.056,12162.204,57425.024,2581.029,45658.14,12511.837,6615.326,4157.345,7409.985,51675.0,0.0,1020.0,1170.588,194.517,513.244,235.791,816.51,29457.528,1289.5140000000001,36145.293,34674.348,13792.071,11379.0,6045.757,4815.0,3687.0789999999997,55166.811,29967.619,78571.927,21104.2,67438.209
2020-10 ,1111.412,17963.133,17927.810999999998,3143.7079999999996,7189.817999999999,4054.0389999999998,1099.123,17152.674,6676.307,1480.88,14177.915,73335.14,2495.526,51596.524000000005,10258.393,7140.147,4317.985,7908.598,46515.0,0.0,1002.0,997.885,202.89100000000002,435.002,726.1949999999999,1096.116,30412.407,1074.171,41739.651,37769.157,14165.689999999999,11240.0,7411.0869999999995,5544.0,4683.893,52444.405,34693.138999999996,72276.43800000001,23460.6,72649.991
2020-11 ,724.636,16147.569,18584.535,3852.4260000000004,8501.264000000001,3642.83,979.634,19261.801,7294.424,1449.991,16590.0,87082.614,2540.259,51239.189000000006,11706.768,7000.758,4247.611,8073.826999999999,44236.0,0.0,1383.0,1088.641,0.0,295.731,360.342,1032.345,30201.557,1146.261,40077.602999999996,38097.861,15524.067,12121.0,7193.683999999999,5615.0,3728.628,50669.065,38441.397,72242.39600000001,26945.4,0.0
2020-12 ,786.3799999999999,16339.31,20608.142,4096.823,9134.905,5170.737,1102.863,19149.883,8195.401,1557.577,17184.0,96646.18100000001,2709.063,52192.919,13261.37,6880.836,4487.178,8778.259999999998,46534.0,0.0,1533.0,1229.122,76.653,382.913,441.81000000000006,1206.813,31444.542,1397.451,48656.394,40664.151,14871.572,13770.0,7692.08,5707.0,3906.903,58294.931,40653.226,77503.204,29994.8,0.0
2021-01 ,3469.752,15864.747,21436.858,5782.521,9954.192,5351.014999999999,1126.2240000000002,20578.911,9777.418,1729.1779999999999,18541.754999999997,98512.749,2364.603,54593.296,14816.05,7413.036,4480.316,8585.464,51326.0,0.0,1818.0,918.143,81.516,395.808,431.592,1574.277,33437.906,1542.5819999999999,52355.7,42978.921,15690.837,13271.0,9073.537,6261.0,3786.228,60602.952000000005,44615.348,76247.528,28159.6,0.0
2021-02 ,3561.5789999999997,15353.511,20373.664,5550.303,8994.185,4617.933,955.7370000000001,17997.822,9988.963,1717.33,17657.667,82284.703,2020.2869999999998,49349.128000000004,11725.147,6298.897000000001,4001.2070000000003,7848.032,44474.0,0.0,1770.0,920.452,74.814,400.72,437.907,1482.018,31407.166,1427.655,43234.743,38440.305,15912.693,13232.0,8771.061,6203.0,3458.553,52746.873999999996,41601.285,68000.293,25964.6,0.0
2021-03 ,3051.5460000000003,14943.853000000001,22572.711,4806.342000000001,10239.44,4197.307,971.919,18613.693,9210.904,1177.138,18146.802,84559.749,1942.059,52419.555,11994.652,6888.842,4483.4349999999995,7811.432000000001,49031.0,0.0,2112.0,1037.51,82.343,416.381,434.718,1405.338,33394.606,1642.566,41369.148,39839.304000000004,13469.532,13906.0,8667.774,6061.0,3482.648,55837.058,42884.115,79281.244,27866.0,0.0
2021-04 ,3010.57,14827.020999999999,20887.749,3660.6989999999996,9497.632,3241.839,824.653,16097.088,8368.518,1239.029,15213.968,70472.602,2434.758,49098.798,11614.545,6588.605,4263.0380000000005,7007.857,46596.0,0.0,1965.0,1011.905,86.494,517.769,234.027,592.1220000000001,28115.638,949.461,37281.422999999995,37853.94,11800.516,12430.0,7508.673000000001,5426.0,2272.843,51379.907999999996,39775.274000000005,73707.347,24313.2,0.0
2021-05 ,2953.716,18558.712,18854.427,3366.759,8360.781,3097.76,951.451,14123.436,6417.472,1142.93,13603.482,71123.004,3623.7059999999997,45899.087999999996,10787.626,5905.179,4480.753,6800.3009999999995,47419.0,0.0,1593.0,908.581,83.672,504.718,120.441,530.16,26748.299,792.438,36239.655,36982.506,10595.126,13106.0,6740.625,5399.0,3684.589,52220.21799999999,34263.871,71494.891,22074.0,0.0
2021-06 ,2055.5280000000002,18119.027000000002,17958.842,3273.066,7563.08,2637.291,1127.469,14427.272,5364.54,1362.272,11154.744,69357.098,3931.7790000000005,44106.279,12038.647,6540.9529999999995,4225.764999999999,6706.044,51641.0,0.0,1062.0,788.925,68.68,577.256,73.473,421.665,25810.201,994.674,34279.398,37383.174,10119.097,13312.0,6012.429,5133.0,3358.965,52190.320999999996,29818.606,76278.098,21406.2,0.0
2021-07 ,1919.0189999999998,17495.719,18842.272,3547.335,9071.689,2924.945,1658.324,15262.237000000001,5275.416,1475.0439999999999,0.0,71381.39199999999,3682.746,44884.919,16216.568000000001,6679.782,4329.522,6296.874,56669.0,0.0,921.0,729.57,67.011,655.566,51.992999999999995,770.835,28491.542,1392.816,33152.532,40106.873999999996,11838.882,12828.0,6296.411,5452.0,3005.19,57883.815,30982.798000000003,87254.282,23434.4,0.0
2021-08 ,1359.7440000000001,18418.665999999997,18370.727,3564.0119999999997,9269.172,2993.369,1689.275,14898.803,6393.81,1314.637,11743.850999999999,69733.38500000001,3555.594,45907.514,15936.279,6185.99,4389.0560000000005,7038.3189999999995,50620.0,0.0,486.0,753.294,79.36,638.872,38.964,607.842,25126.184,1476.192,31195.794,39618.729,9998.437,11188.0,5862.294,5293.0,3480.402,55764.565,31621.703,91683.26299999999,22875.8,0.0
2021-09 ,864.207,13700.406,15896.030999999999,3304.671,9568.776,2531.038,1254.552,16278.092999999999,6443.766,1699.0659999999998,12669.0,69812.363,3263.0730000000003,47363.351,13243.298999999999,6028.976000000001,4383.26,7052.722,49517.0,0.0,966.0,1034.814,89.839,474.7,45.33,644.313,25721.737,1303.941,33704.559,41792.033,11013.496,10736.0,5603.365,5185.0,2657.437,53826.149999999994,32385.936,79212.26800000001,22184.0,0.0
2021-10 ,939.143,14610.0,19227.598,3557.154,9813.487,3348.71,1039.513,19429.287,8655.778,1830.987,15919.0,75035.16,3519.114,51611.877,13298.718,6748.042,4647.103,7752.423000000001,48161.0,0.0,837.0,1064.38,88.146,481.907,153.033,765.66,27815.478000000003,1208.349,37078.445999999996,43947.555,10972.809000000001,11493.0,6296.93,5246.0,2959.0029999999997,52707.545,38326.331,74892.927,25376.6,0.0
2021-11 ,1034.468,16471.514,19812.834,4302.846,10542.61,4055.004,936.187,20436.276,9152.469,2055.668,16632.0,85061.768,3478.395,52827.576,11591.888,6750.276,4607.531,8345.902,51784.0,0.0,1281.0,985.501,81.694,425.60900000000004,343.116,865.548,30900.541,1165.173,43260.168000000005,43834.803,12710.413,11644.0,6465.344,5691.0,3260.096,58964.912,41772.721,75402.42199999999,26487.8,0.0
2021-12 ,2815.167,16725.453,21872.368,5092.5689999999995,12135.748,4984.236,1154.3,20574.882999999998,10703.119,1911.254,19398.0,91196.04800000001,3487.068,53947.999,15088.303000000002,7126.332,4749.954,9060.768,54667.0,0.0,2013.0,1036.881,85.871,453.063,385.329,1298.127,32495.48,1683.927,48126.710999999996,46977.984,13792.225999999999,13583.0,7505.675,5942.0,3239.952,59768.85400000001,46678.847,81890.183,29938.8,0.0
2022-01 ,2396.871,18690.626,21934.565,4710.873,12577.186,4528.821,1347.5819999999999,20062.909,11700.39,2214.3,18028.0,93900.66399999999,2986.605,52608.725,13339.535,7504.594999999999,4720.898,8734.491,53906.0,1725.866,1560.0,1185.451,76.309,473.645,443.985,1092.078,32026.290999999997,1699.203,45237.675,45243.225,13095.717,14109.0,7311.536,5830.0,3172.831,62403.583,46443.065,80328.887,29738.4,0.0
2022-02 ,1726.6109999999999,15881.743,19509.163,3890.541,10825.098,3550.7129999999997,1081.806,16953.371,11262.420999999998,1512.118,16002.0,80097.346,2594.49,52012.512,10903.744,6295.399,4156.396,8348.183,48618.0,1797.1440000000002,1368.0,1115.856,81.639,434.25800000000004,330.561,889.0169999999999,27805.377999999997,1316.298,38848.218,40615.952000000005,9924.086,11774.0,6273.202,5535.0,2683.255,53766.65,42184.132,72180.461,0.0,0.0
2022-03 ,1954.368,16286.587,18830.935999999998,4010.2830000000004,12510.435,3560.929,1249.009,20110.412,9345.409,2166.915,17216.0,75432.10699999999,3143.853,50460.416000000005,14701.716,7285.402,4452.667,8300.151,53094.0,2145.108,1380.0,915.14,93.568,503.946,364.592,1023.0989999999999,31354.901,1622.643,43844.097,44600.367,13081.133,12041.0,7331.965,5443.0,3160.072,56878.051999999996,43603.598,80588.712,0.0,0.0
2022-04 ,2092.791,16239.929,18411.959,4119.102,9986.024,3060.055,838.787,15647.135,8306.685,1561.8,15110.0,62550.627,3331.992,47275.723,9030.177,6172.066000000001,4398.097000000001,7553.149,47737.0,1922.1000000000001,1974.0,872.387,88.794,336.272,78.282,870.855,27396.061,1291.9470000000001,33422.523,40761.231,11459.023,11648.0,6767.599,4685.0,2797.562,55137.243,37684.441,73507.348,0.0,0.0
2022-05 ,1719.045,17309.368000000002,17707.486,3540.942,9051.037,2736.8289999999997,957.076,14788.687,7559.445,2100.056,15032.0,58110.405999999995,4336.455,43238.865,10189.224,6111.225,4676.380999999999,7594.153,50683.0,1777.788,1206.0,769.366,79.58699999999999,459.836,115.72800000000001,374.42100000000005,27197.851,1150.656,32351.447999999997,39386.138999999996,10958.858,12013.0,5691.502,4765.0,2987.652,57665.316,35530.93,72004.911,0.0,0.0
2022-06 ,1148.226,16565.803,16999.112,3186.381,9639.77,3005.131,1146.594,15762.374000000002,5546.525000000001,1827.46,12565.0,55117.327,4409.55,41550.309,13172.475,6014.486,4366.787,7264.478,52987.0,1814.892,837.0,607.851,92.233,558.682,30.005000000000003,427.374,30790.311999999998,1033.074,34439.178,37918.346000000005,10701.554,11273.0,5521.772,4259.0,2846.298,61378.55,32587.917999999998,77202.33,0.0,0.0
2022-07 ,1352.574,14326.316,17845.955,3405.615,9983.777,3352.5249999999996,1546.241,16045.61,7525.573,1780.6109999999999,11598.0,53458.935,3881.3999999999996,44800.117,17440.61,6550.036,4523.821,7538.2609999999995,57720.0,1526.3310000000001,624.0,716.8620000000001,107.839,665.518,34.959,652.278,29936.137,1202.403,31991.697,38246.354,10988.7,11578.0,5644.383,4378.0,2574.073,69465.794,35282.19,82133.16900000001,0.0,0.0
2022-08 ,1542.317,13343.702000000001,19710.31,3288.0480000000002,9835.002,3136.357,1475.983,16275.076000000001,5223.3060000000005,1655.752,13195.0,50843.27099999999,4137.867,42823.464,15991.975,5694.696,4595.927,7772.415999999999,51170.0,1431.565,777.0,714.43,85.453,635.611,27.692999999999998,644.52,30054.802,1317.087,31387.512000000002,38747.96,10565.331,10656.0,5457.451,4289.0,2542.877,66361.628,35196.28,89633.341,0.0,0.0
2022-09 ,1224.417,14870.213000000002,18694.350000000002,2707.7219999999998,8906.501,2805.274,1260.092,16643.203,7224.3949999999995,2076.813,13871.0,51092.724,3509.157,42862.049999999996,11154.756,5424.968,4508.255999999999,7496.861000000001,49426.0,1514.442,603.0,602.581,107.341,537.425,28.461,524.433,27709.451,1308.66,25736.958,37565.568,11034.68,10707.0,5576.359,3817.0,2570.219,61919.477999999996,33415.789,77236.21800000001,0.0,0.0
2022-10 ,1178.795,14876.777,19249.847999999998,3075.708,7892.022,3152.022,1039.005,15996.479000000001,7572.8060000000005,1831.0079999999998,15705.0,57434.026000000005,3050.535,43621.534,10092.139000000001,6674.564,4716.977,8383.669,45987.0,1505.065,660.0,839.6360000000001,100.796,430.89,111.576,591.888,27791.374,1128.69,33055.62,39580.401,11189.711,10974.0,6199.183999999999,4820.0,1580.8319999999999,56702.674,37309.292,70829.637,0.0,0.0
2022-11 ,1651.71,14484.494999999999,18682.783,3732.96,10061.465,3813.425,906.062,17765.28,9579.132,1918.8220000000001,15252.0,67451.774,3311.7690000000002,46303.955,10377.695,5947.772,4564.434,8917.648,45106.0,1773.5300000000002,1479.0,760.6949999999999,99.861,550.008,200.535,981.672,26357.466,1409.193,42980.331000000006,41446.386,13228.869999999999,11719.0,6816.275,4710.0,1956.596,53761.132,37773.212,69187.67,0.0,0.0
2022-12 ,3104.32,15556.467999999999,19623.427,4247.358,10561.447999999999,4606.046,979.058,20825.608,10152.772,2068.952,18978.0,83443.45300000001,3242.6549999999997,46899.086,11827.716,6717.711,4764.5740000000005,9020.229,47508.0,2015.893,1911.0,1117.83,87.657,532.614,279.242,1576.62,31733.82,1821.3600000000001,44569.575,44552.847,16473.679,12342.0,8230.636,5270.0,3044.251,55861.053,41931.528,73457.729,0.0,0.0
2023-01 ,3493.572,15889.709,20946.056,4314.465,10538.253,4905.33,1142.9769999999999,18720.806,10742.925,1599.3000000000002,19788.0,85366.972,3219.348,48786.764,9947.417,6397.1810000000005,4821.173,8587.248,46647.0,1989.0029999999997,2757.0,1175.819,83.443,550.0260000000001,327.40299999999996,1450.107,30073.923000000003,2115.483,42439.194,42541.854,17025.525,14421.0,5905.66,5592.0,2942.55,64626.518,43488.508,75384.719,0.0,0.0
2023-02 ,2810.1989999999996,15159.191,17946.43,3674.6400000000003,9840.055,4214.911,1120.3229999999999,16954.933,9405.493,1409.7,16981.0,77882.773,2862.465,44514.981999999996,10861.722,6097.197,4324.4220000000005,7721.311,44209.0,1663.725,2070.0,1011.972,72.327,484.791,266.509,1239.396,28955.801,2016.819,41365.164000000004,39070.706999999995,13956.006000000001,13058.0,8096.398999999999,5652.0,2720.147,58140.023,41732.282999999996,67821.38399999999,0.0,0.0
2023-03 ,2586.675,16097.087,18799.474,4750.0650000000005,8615.054,5043.331,937.9760000000001,16507.902,9421.371,1467.0,19137.0,72930.144,2999.8199999999997,46954.978,10602.026,6328.907999999999,4853.148999999999,8400.491,49290.0,1827.732,2550.0,1224.714,95.54,521.7080000000001,350.381,1376.0729999999999,31620.329,1984.971,42918.45,40742.082,11366.741,12595.0,8893.452,5700.0,3017.909,63691.758,43036.997,73328.785,0.0,0.0
2023-04 ,2314.652,16607.627,15806.934,3713.859,7216.738,3950.2309999999998,855.3679999999999,15110.157,8279.614000000001,1135.8,16001.0,66183.599,3693.999,39490.417,9936.801,6017.23,4532.137,7443.053,42534.0,1542.453,2955.0,931.419,85.79,508.534,182.388,766.137,28880.165,1743.4679999999998,36010.221,35450.376000000004,9157.324,13302.0,7934.611999999999,5034.0,2960.932,55994.863,35757.569,68275.619,0.0,0.0
2023-05 ,2606.031,20088.384,14836.514,4025.2889999999998,6177.102000000001,4563.155,919.9760000000001,12160.350999999999,7774.8369999999995,1220.4,16217.0,66281.287,3931.2000000000003,34824.116,9674.911,5058.119000000001,4625.63,6916.903,44607.0,1479.999,1035.0,757.053,96.108,524.215,124.554,918.48,29308.947,1184.73,33368.148,35221.554000000004,9922.871,12095.0,6953.883,5278.0,3322.111,56838.19,33791.103,72923.237,0.0,0.0
2023-06 ,2278.263,16358.353000000001,16033.656,3625.761,6974.378,3855.7529999999997,1095.466,12325.324,5584.832,1180.5,13227.0,61320.912000000004,4062.516,32667.111999999997,11267.735,5120.4529999999995,4399.765,6623.632,48977.0,1349.2830000000001,588.0,668.163,85.597,528.509,40.632,802.4190000000001,31009.05,1422.399,33999.651,32980.272,10462.633,11752.0,6857.151,4739.0,3550.675,51477.431,28422.347999999998,69762.219,0.0,0.0
2023-07 ,1801.5480000000002,15725.671999999999,17070.407,3551.7479999999996,7831.1269999999995,3750.669,1651.426,13461.303,7350.5419999999995,855.9,12624.0,63593.497,4565.073,34164.007,15313.152,6276.549999999999,4518.26,6964.556,56763.0,1434.809,402.0,841.158,62.643,631.075,49.587,781.4100000000001,29998.287,1426.473,34440.732,34624.203,10688.651,11690.0,6632.513,4805.0,3738.797,55795.579,28786.77,88443.71,0.0,0.0
2023-08 ,1690.4489999999998,17327.136,15311.65,3650.52,7499.943,3928.677,1631.442,14343.577,5884.589,972.9,14554.0,61915.118,4331.097,31837.409,14836.761,6137.196,4536.245,7024.144,50115.0,1269.3600000000001,681.0,904.8140000000001,104.75,621.649,31.053,720.498,30037.768,1475.568,36596.127,35913.482,10786.718,10830.0,6733.906,5417.0,3784.049,55873.075,31824.472999999998,94723.1,0.0,0.0
2023-09 ,1464.9180000000001,14952.351999999999,13441.377,3176.4,7302.062,3396.192,1295.695,14028.539,6035.496999999999,1069.8,15214.0,66139.284,3292.839,32279.679,12727.784,5994.963,4525.311,6876.044,49148.0,1248.2939999999999,816.0,980.855,128.882,579.4069999999999,32.379,704.9639999999999,27900.059999999998,1290.5040000000001,36011.661,35930.91,10058.561,10373.0,5892.589,4581.0,3154.2070000000003,50603.398,30991.053,79663.92,0.0,0.0
2023-10 ,1213.1689999999999,13686.826,14928.090999999999,3366.621,6658.217,3642.054,1061.865,16402.149,8175.8550000000005,1040.7,17619.0,70531.564,3057.672,38272.835,11819.156,6297.256,4601.786,7081.893,45680.0,1405.809,858.0,1637.3229999999999,121.173,473.231,112.8,732.009,27860.959000000003,1446.48,40093.604999999996,40278.551999999996,12508.054,10745.0,6330.6939999999995,5388.0,2546.4900000000002,53417.478,38916.792,70732.569,0.0,0.0
2023-11 ,2426.3,18413.859,16361.179,4011.174,7376.4039999999995,4789.272,978.3539999999999,16722.995,8239.635,1252.5,18890.0,83813.766,2938.5,41574.673,10685.753999999999,6201.254999999999,4420.7429999999995,7958.6140000000005,45440.0,0.0,1500.0,1106.226,100.787,420.222,240.255,1307.5169999999998,28204.443,1604.595,42850.332,41240.419,14892.321,11933.0,8126.383,6090.0,3016.848,0.0,42536.11,67768.965,0.0,0.0
2023-12 ,3184.6420000000003,19130.903,17056.29,4274.004,8811.175,4614.243,1034.989,17297.24,10611.741,1462.2,19840.0,94136.399,3427.638,43332.590000000004,11937.623,6138.511,4550.098,8455.106,44605.0,0.0,1788.0,1519.986,330.914,388.395,378.372,1379.145,30769.476000000002,1588.317,41893.956,43726.182,13740.038,13542.0,9235.832,6450.0,3471.817,0.0,43615.676999999996,76730.958,0.0,0.0
2024-01 ,3149.55,21163.371,18182.322,4433.187,8702.91,4556.2919999999995,1233.978,18032.485,11728.208,1716.9,22444.0,96107.86,3444.756,45219.739,13451.742,7548.856000000001,4438.5160000000005,8633.132,0.0,0.0,2496.0,1878.2740000000001,0.0,458.053,427.071,0.0,0.0,0.0,46887.357,43807.896,15815.172999999999,14046.0,9335.285,6843.0,0.0,94.243,47252.733,80434.082,0.0,0.0
2024-02 ,0.0,17196.947,0.0,0.0,0.0,0.0,0.0,0.0,10342.391,0.0,0.0,0.0,0.0,0.0,11049.029,0.0,4195.879,0.0,0.0,0.0,2313.0,0.0,0.0,0.0,0.0,0.0,0.0,0.0,0.0,0.0,0.0,0.0,0.0,0.0,0.0,0.0,0.0,0.0,0.0,0.0
