[Mm^3],Albania,Austria,Belgium,Bulgaria,Croatia,Cyprus,Czech Republic,Denmark,Estonia,Finland,France,Georgia,Germany,Greece,Hungary,Iceland,Ireland,Italy,Kosovo,Latvia,Lithuania,Luxembourg,Malta,Moldova,Montenegro,Netherlands,North Macedonia,Norway,Poland,Portugal,Romania,Serbia,Slovakia,Slovenia,Spain,Sweden,Turkey,Ukraine,United Kingdom
2008-01 ,0.0,207014.0,66795.0,36195.0,17918.0,0.0,145371.0,172532.0,0.0,0.0,637570.0,0.0,0.0,4099.0,158540.0,0.0,3445.0,1282217.0,0.0,52479.0,11535.0,0.0,0.0,0.0,0.0,0.0,0.0,0.0,113948.0,12841.0,16280.0,0.0,110933.0,0.0,152477.0,0.0,26194.0,0.0,360463.0
2008-02 ,0.0,166287.0,50702.0,30349.0,14784.0,0.0,117643.0,158856.0,0.0,0.0,512314.0,0.0,0.0,5706.0,120433.0,0.0,3524.0,1163231.0,0.0,36093.0,8781.0,0.0,0.0,0.0,0.0,0.0,0.0,0.0,96200.0,13041.0,10047.0,0.0,101750.0,0.0,131414.0,0.0,30200.0,0.0,294616.0
2008-03 ,0.0,130566.0,37783.0,25588.0,12037.0,0.0,97263.0,145881.0,0.0,0.0,408623.0,0.0,0.0,6990.0,96322.0,0.0,3405.0,1092289.0,0.0,21550.0,4799.0,0.0,0.0,0.0,0.0,0.0,0.0,0.0,77665.0,13207.0,12173.0,0.0,97265.0,0.0,119839.0,0.0,29065.0,0.0,241801.0
2008-04 ,0.0,117652.0,33973.0,23931.0,10492.0,0.0,91942.0,139244.0,0.0,0.0,366854.0,0.0,0.0,7256.0,90472.0,0.0,3445.0,1095413.0,0.0,12083.0,2529.0,0.0,0.0,0.0,0.0,0.0,0.0,0.0,70002.0,14348.0,15800.0,0.0,97094.0,0.0,122089.0,0.0,29322.0,0.0,261176.0
2008-05 ,0.0,143717.0,43475.0,27119.0,12695.0,0.0,112880.0,145750.0,0.0,0.0,437938.0,0.0,0.0,6002.0,117312.0,0.0,3445.0,1164146.0,0.0,13501.0,2269.0,0.0,0.0,0.0,0.0,0.0,0.0,0.0,86732.0,15203.0,25232.0,0.0,108949.0,0.0,132045.0,0.0,32543.0,0.0,402865.0
2008-06 ,0.0,192392.0,66234.0,32179.0,16868.0,0.0,150912.0,157514.0,0.0,0.0,573403.0,0.0,0.0,5343.0,164670.0,0.0,3445.0,1266712.0,0.0,20973.0,2306.0,0.0,0.0,0.0,0.0,0.0,0.0,0.0,112067.0,14926.0,38812.0,0.0,122460.0,0.0,158107.0,0.0,32528.0,0.0,404676.0
2008-07 ,0.0,247305.0,82215.0,36768.0,21408.0,0.0,186910.0,168604.0,0.0,0.0,710851.0,0.0,0.0,4028.0,198858.0,0.0,3445.0,1362532.0,0.0,32146.0,2417.0,0.0,0.0,0.0,0.0,0.0,0.0,0.0,132633.0,14909.0,52345.0,0.0,128204.0,0.0,171133.0,0.0,33450.0,0.0,405785.0
2008-08 ,0.0,293436.0,84991.0,41974.0,26460.0,0.0,210312.0,179073.0,0.0,0.0,832367.0,0.0,0.0,4822.0,226560.0,0.0,3445.0,1440104.0,0.0,45246.0,2343.0,0.0,0.0,0.0,0.0,0.0,0.0,0.0,148107.0,15089.0,69829.0,0.0,132693.0,0.0,172008.0,0.0,33898.0,0.0,406544.0
2008-09 ,0.0,320574.0,85465.0,45768.0,30868.0,0.0,220140.0,187009.0,0.0,0.0,930477.0,0.0,0.0,6204.0,255477.0,0.0,3484.0,1490968.0,0.0,53338.0,2306.0,0.0,0.0,0.0,0.0,0.0,0.0,0.0,157436.0,15176.0,84029.0,0.0,135277.0,0.0,180848.0,0.0,32714.0,0.0,412844.0
2008-10 ,0.0,330626.0,89036.0,46518.0,32843.0,0.0,221761.0,189992.0,0.0,0.0,973259.0,0.0,0.0,5969.0,245104.0,0.0,3088.0,1526477.0,0.0,54190.0,2492.0,0.0,0.0,0.0,0.0,0.0,0.0,0.0,161867.0,15365.0,97631.0,0.0,134946.0,0.0,200446.0,0.0,32637.0,0.0,460130.0
2008-11 ,0.0,320573.0,92141.0,46530.0,31656.0,0.0,210190.0,189296.0,0.0,0.0,934218.0,0.0,0.0,6744.0,241410.0,0.0,4514.0,1525562.0,0.0,49672.0,2530.0,0.0,0.0,0.0,0.0,0.0,0.0,0.0,161188.0,14955.0,107699.0,0.0,127665.0,0.0,211172.0,0.0,33326.0,0.0,458582.0
2008-12 ,0.0,285528.0,82049.0,45097.0,26984.0,0.0,183343.0,184668.0,0.0,0.0,796737.0,0.0,0.0,5668.0,224741.0,0.0,3366.0,1464869.0,0.0,43135.0,2940.0,0.0,0.0,0.0,0.0,0.0,0.0,0.0,153250.0,14104.0,116669.0,0.0,114585.0,0.0,200137.0,0.0,33345.0,0.0,432819.0
2009-01 ,0.0,225729.0,60008.0,41094.0,20897.0,0.0,138429.0,172446.0,0.0,0.0,588080.0,0.0,0.0,5927.0,197741.0,0.0,3366.0,1309269.0,0.0,33283.0,2568.0,0.0,0.0,0.0,0.0,0.0,0.0,0.0,132328.0,18074.0,118310.0,0.0,99160.0,0.0,181222.0,0.0,33144.0,0.0,347825.0
2009-02 ,0.0,162274.0,41818.0,36370.0,16882.0,0.0,93225.0,154831.0,0.0,0.0,365526.0,0.0,0.0,5871.0,131762.0,0.0,3445.0,1112711.0,0.0,21307.0,1786.0,0.0,0.0,0.0,0.0,0.0,0.0,0.0,105524.0,21731.0,112077.0,0.0,81996.0,0.0,167267.0,0.0,30740.0,0.0,263541.0
2009-03 ,0.0,122858.0,23694.0,35734.0,14530.0,0.0,57283.0,137240.0,0.0,0.0,234233.0,0.0,0.0,6101.0,77098.0,0.0,3524.0,979590.0,0.0,10647.0,1860.0,0.0,0.0,0.0,0.0,0.0,0.0,0.0,83271.0,20341.0,109463.0,0.0,67144.0,0.0,165298.0,0.0,32522.0,0.0,253759.0
2009-04 ,0.0,127348.0,15603.0,37222.0,15276.0,0.0,45190.0,131948.0,0.0,0.0,237131.0,0.0,0.0,7592.0,46298.0,0.0,3484.0,974750.0,0.0,3377.0,1748.0,0.0,0.0,0.0,0.0,0.0,0.0,0.0,75407.0,22288.0,117222.0,0.0,60287.0,0.0,161670.0,0.0,34658.0,0.0,295080.0
2009-05 ,0.0,163585.0,23601.0,39279.0,20071.0,0.0,67357.0,139428.0,0.0,0.0,352349.0,0.0,0.0,5919.0,46098.0,0.0,3445.0,1088136.0,0.0,861.0,1599.0,0.0,0.0,0.0,0.0,0.0,0.0,0.0,82579.0,25230.0,140318.0,0.0,76380.0,0.0,154278.0,0.0,33122.0,0.0,353915.0
2009-06 ,0.0,200974.0,43268.0,43591.0,26134.0,0.0,105046.0,147305.0,0.0,0.0,498282.0,0.0,0.0,6139.0,63654.0,0.0,3366.0,1220800.0,0.0,6828.0,2120.0,0.0,0.0,0.0,0.0,0.0,0.0,0.0,94060.0,27099.0,169161.0,0.0,105044.0,0.0,165244.0,0.0,30637.0,0.0,404858.0
2009-07 ,0.0,238920.0,61698.0,46176.0,30525.0,0.0,150095.0,157939.0,0.0,0.0,657075.0,0.0,0.0,7778.0,105241.0,0.0,3366.0,1338567.0,0.0,18804.0,2678.0,0.0,0.0,0.0,0.0,0.0,0.0,0.0,108337.0,29310.0,190130.0,0.0,121280.0,0.0,183262.0,0.0,30902.0,0.0,443509.0
2009-08 ,0.0,279846.0,70361.0,46475.0,32967.0,0.0,192153.0,172564.0,0.0,0.0,777775.0,0.0,0.0,7321.0,162231.0,0.0,3405.0,1427493.0,0.0,30355.0,2678.0,0.0,0.0,0.0,0.0,0.0,0.0,0.0,122796.0,26890.0,201468.0,0.0,134119.0,0.0,195977.0,0.0,33897.0,0.0,471607.0
2009-09 ,0.0,316004.0,72159.0,48210.0,34551.0,0.0,217244.0,186125.0,0.0,0.0,905459.0,0.0,0.0,5679.0,218605.0,0.0,3287.0,1495692.0,0.0,48218.0,2901.0,0.0,0.0,0.0,0.0,0.0,0.0,0.0,137798.0,24723.0,208315.0,0.0,150841.0,0.0,203706.0,0.0,155666.0,0.0,485399.0
2009-10 ,0.0,329236.0,72379.0,49847.0,33736.0,0.0,222299.0,192567.0,0.0,0.0,990892.0,0.0,0.0,4791.0,264479.0,0.0,3208.0,1080135.0,0.0,59850.0,3682.0,0.0,0.0,0.0,0.0,0.0,0.0,0.0,142955.0,26909.0,210066.0,0.0,162461.0,0.0,200297.0,0.0,171599.0,0.0,495029.0
2009-11 ,0.0,328720.0,73377.0,48810.0,30812.0,0.0,221870.0,193367.0,0.0,0.0,1000591.0,0.0,0.0,5293.0,297401.0,0.0,3208.0,1060514.0,0.0,59114.0,4129.0,0.0,0.0,0.0,0.0,0.0,0.0,0.0,136698.0,27309.0,203857.0,0.0,161830.0,0.0,199951.0,0.0,175749.0,0.0,501476.0
2009-12 ,0.0,312111.0,65995.0,45178.0,25877.0,0.0,217522.0,189512.0,0.0,0.0,899843.0,0.0,0.0,5152.0,309216.0,0.0,3248.0,967931.0,0.0,57331.0,4055.0,0.0,0.0,0.0,0.0,0.0,0.0,0.0,118154.0,22630.0,184626.0,0.0,154611.0,0.0,181213.0,0.0,169704.0,0.0,473320.0
2010-01 ,0.0,268364.0,48366.0,38551.0,19817.0,0.0,186522.0,174954.0,0.0,0.0,657222.0,0.0,0.0,5803.0,285471.0,0.0,3287.0,806310.0,0.0,43640.0,3497.0,0.0,0.0,0.0,0.0,0.0,0.0,0.0,84827.0,18818.0,159185.0,0.0,141816.0,0.0,151531.0,0.0,147809.0,0.0,382934.0
2010-02 ,0.0,211822.0,33521.0,31129.0,14575.0,0.0,147268.0,157218.0,0.0,0.0,442448.0,0.0,0.0,7181.0,248457.0,0.0,3445.0,648843.0,0.0,22872.0,2865.0,0.0,0.0,0.0,0.0,0.0,0.0,0.0,57256.0,20002.0,139048.0,0.0,119244.0,0.0,127587.0,0.0,123846.0,0.0,276836.0
2010-03 ,0.0,171809.0,19054.0,24649.0,11263.0,0.0,123364.0,146295.0,0.0,0.0,316046.0,0.0,0.0,6365.0,223544.0,0.0,3524.0,556565.0,0.0,8384.0,2716.0,0.0,0.0,0.0,0.0,0.0,0.0,0.0,46880.0,20588.0,124800.0,0.0,94241.0,0.0,108007.0,0.0,107876.0,0.0,221590.0
2010-04 ,0.0,170260.0,12287.0,23271.0,12461.0,0.0,112064.0,143609.0,0.0,0.0,304745.0,0.0,0.0,5250.0,221986.0,0.0,3564.0,560222.0,0.0,2159.0,2939.0,0.0,0.0,0.0,0.0,0.0,0.0,0.0,51100.0,17850.0,119064.0,0.0,71335.0,0.0,107496.0,0.0,101637.0,0.0,234438.0
2010-05 ,0.0,194379.0,16315.0,28045.0,17310.0,0.0,116355.0,150202.0,0.0,0.0,364725.0,0.0,0.0,6020.0,241170.0,0.0,3524.0,650138.0,0.0,3807.0,3311.0,0.0,0.0,0.0,0.0,0.0,0.0,0.0,67498.0,18107.0,126181.0,0.0,69135.0,0.0,117277.0,0.0,99606.0,0.0,282336.0
2010-06 ,0.0,225451.0,24544.0,31749.0,23040.0,0.0,132826.0,163421.0,0.0,0.0,510823.0,0.0,0.0,6865.0,263516.0,0.0,3564.0,765886.0,0.0,8684.0,3385.0,0.0,0.0,0.0,0.0,0.0,0.0,0.0,88354.0,19441.0,144148.0,0.0,89723.0,0.0,139399.0,0.0,110603.0,0.0,336977.0
2010-07 ,0.0,256801.0,31964.0,32190.0,28565.0,0.0,152966.0,178242.0,0.0,0.0,638665.0,0.0,0.0,6970.0,286979.0,0.0,3644.0,866546.0,0.0,20616.0,3310.0,0.0,0.0,0.0,0.0,0.0,0.0,0.0,104555.0,19208.0,165060.0,0.0,110617.0,0.0,155559.0,0.0,121923.0,0.0,238614.0
2010-08 ,0.0,283105.0,43736.0,32764.0,32516.0,0.0,175496.0,187811.0,0.0,0.0,673451.0,0.0,0.0,6781.0,313588.0,0.0,3644.0,952842.0,0.0,29897.0,3310.0,0.0,0.0,0.0,0.0,0.0,0.0,0.0,114313.0,18674.0,184413.0,0.0,127249.0,0.0,168339.0,0.0,125129.0,0.0,277124.0
2010-09 ,0.0,300985.0,49569.0,33085.0,34093.0,0.0,193457.0,190781.0,0.0,0.0,912001.0,0.0,0.0,6026.0,342690.0,0.0,3604.0,1035864.0,0.0,28749.0,3348.0,0.0,0.0,0.0,0.0,0.0,0.0,0.0,120029.0,18581.0,199055.0,0.0,146337.0,0.0,177912.0,0.0,120679.0,0.0,301870.0
2010-10 ,0.0,300627.0,54576.0,32822.0,34433.0,0.0,201323.0,192644.0,0.0,0.0,930436.0,0.0,0.0,5348.0,350217.0,0.0,3512.0,1104824.0,0.0,27591.0,3423.0,0.0,0.0,0.0,0.0,0.0,0.0,0.0,117542.0,19348.0,202576.0,0.0,157540.0,0.0,182783.0,0.0,125299.0,0.0,309560.0
2010-11 ,0.0,290575.0,56405.0,32831.0,34211.0,0.0,198879.0,192797.0,0.0,0.0,871752.0,0.0,0.0,6010.0,338593.0,0.0,3450.0,1121703.0,0.0,25041.0,3312.0,0.0,0.0,0.0,0.0,0.0,0.0,0.0,114969.0,22286.0,193422.0,0.0,156713.0,0.0,177726.0,0.0,153924.0,0.0,292993.0
2010-12 ,0.0,263277.0,51631.0,32585.0,30743.0,0.0,164011.0,183872.0,0.0,0.0,698774.0,0.0,0.0,5946.0,314257.0,0.0,3458.0,1024471.0,0.0,12992.0,3275.0,0.0,0.0,0.0,0.0,0.0,0.0,0.0,99850.0,23145.0,173802.0,0.0,158131.0,0.0,155808.0,0.0,163089.0,0.0,221409.0
2011-01 ,0.0,223861.0,42023.0,29137.0,25701.0,0.0,105076.0,171310.0,0.0,0.0,499614.0,0.0,0.0,5615.0,257444.0,0.0,3721.0,865326.0,0.0,3544.0,3498.0,0.0,0.0,0.0,0.0,0.0,0.0,0.0,58110.0,19249.0,154466.0,0.0,142003.0,0.0,130541.0,0.0,141536.0,0.0,145006.0
2011-02 ,0.0,191160.0,30208.0,22809.0,20697.0,0.0,85759.0,163796.0,0.0,0.0,353699.0,0.0,0.0,6279.0,191554.0,0.0,3828.0,733806.0,0.0,3216.0,3498.0,0.0,0.0,0.0,0.0,0.0,0.0,0.0,33470.0,18158.0,140197.0,0.0,108450.0,0.0,108216.0,0.0,107083.0,0.0,111312.0
2011-03 ,0.0,174154.0,16043.0,16969.0,15805.0,0.0,75219.0,161233.0,0.0,0.0,288476.0,0.0,0.0,6887.0,151047.0,0.0,3672.0,637184.0,0.0,2794.0,3498.0,0.0,0.0,0.0,0.0,0.0,0.0,0.0,22462.0,17300.0,132042.0,0.0,86489.0,0.0,101376.0,0.0,80655.0,0.0,107694.0
2011-04 ,0.0,207531.0,12415.0,15540.0,14792.0,0.0,92308.0,166990.0,0.0,0.0,340237.0,0.0,0.0,6110.0,145160.0,0.0,3672.0,644652.0,0.0,2153.0,3684.0,0.0,0.0,0.0,0.0,0.0,0.0,0.0,32386.0,21277.0,133318.0,0.0,78500.0,0.0,121475.0,0.0,76329.0,0.0,151707.0
2011-05 ,0.0,269277.0,23710.0,20767.0,17250.0,0.0,127505.0,175748.0,0.0,0.0,465066.0,0.0,0.0,5667.0,162595.0,0.0,3530.0,757123.0,0.0,4009.0,3833.0,0.0,0.0,0.0,0.0,0.0,0.0,0.0,54373.0,24608.0,144260.0,0.0,95298.0,0.0,138799.0,0.0,95534.0,0.0,209905.0
2011-06 ,0.0,333567.0,35410.0,28107.0,20754.0,0.0,154314.0,183531.0,0.0,0.0,583752.0,0.0,0.0,6420.0,186073.0,0.0,3380.0,876719.0,0.0,16337.0,3833.0,0.0,0.0,0.0,0.0,0.0,0.0,0.0,83000.0,23916.0,160255.0,0.0,131780.0,0.0,148576.0,0.0,126442.0,0.0,251633.0
2011-07 ,0.0,398572.0,41295.0,31536.0,23898.0,0.0,175234.0,189851.0,0.0,0.0,699571.0,0.0,0.0,6484.0,208490.0,0.0,3293.0,982599.0,0.0,29969.0,3796.0,0.0,0.0,0.0,0.0,0.0,0.0,0.0,108417.0,23983.0,176773.0,0.0,165353.0,0.0,162802.0,0.0,139224.0,0.0,292947.0
2011-08 ,0.0,445934.0,46160.0,32827.0,27971.0,0.0,189385.0,193934.0,0.0,0.0,818815.0,0.0,0.0,6294.0,232945.0,0.0,3258.0,1093508.0,0.0,37312.0,3685.0,0.0,0.0,0.0,0.0,0.0,0.0,0.0,168806.0,21061.0,199136.0,0.0,201582.0,0.0,177881.0,0.0,142093.0,0.0,317895.0
2011-09 ,0.0,473430.0,54993.0,37208.0,32190.0,0.0,193686.0,195970.0,0.0,0.0,907179.0,0.0,0.0,6153.0,258806.0,0.0,3251.0,1192492.0,0.0,42669.0,3759.0,0.0,0.0,0.0,0.0,0.0,0.0,0.0,185418.0,20423.0,220442.0,0.0,216847.0,0.0,187535.0,0.0,144964.0,0.0,331963.0
2011-10 ,0.0,481536.0,62760.0,40344.0,32867.0,0.0,196845.0,196678.0,0.0,0.0,952530.0,0.0,0.0,6049.0,268339.0,0.0,3348.0,1242669.0,0.0,42084.0,3981.0,0.0,0.0,0.0,0.0,0.0,0.0,0.0,153731.0,23220.0,231274.0,0.0,221542.0,0.0,189546.0,0.0,141195.0,0.0,343497.0
2011-11 ,0.0,463298.0,59507.0,38104.0,29154.0,0.0,196849.0,194329.0,0.0,0.0,933092.0,0.0,0.0,4247.0,245301.0,0.0,3494.0,1205104.0,0.0,34061.0,4018.0,0.0,0.0,0.0,0.0,0.0,0.0,0.0,155143.0,25490.0,223172.0,0.0,214892.0,0.0,199354.0,0.0,131876.0,0.0,343562.0
2011-12 ,0.0,421260.0,62760.0,33374.0,24464.0,0.0,196002.0,190012.0,0.0,0.0,821786.0,0.0,0.0,4257.0,208680.0,0.0,3444.0,1078040.0,0.0,21504.0,4018.0,0.0,0.0,0.0,0.0,0.0,0.0,0.0,142443.0,26652.0,200056.0,0.0,199281.0,0.0,198544.0,0.0,111556.0,0.0,327960.0
2012-01 ,0.0,372745.0,39680.0,27530.0,19896.0,0.0,176245.0,184624.0,0.0,0.0,660908.0,0.0,0.0,5677.0,167922.0,0.0,3607.0,907352.0,0.0,12970.0,4129.0,0.0,0.0,0.0,0.0,0.0,0.0,0.0,117703.0,25111.0,178718.0,0.0,176581.0,0.0,174662.0,0.0,82650.0,0.0,288652.0
2012-02 ,0.0,0.0,33879.0,21160.0,14548.0,0.0,133804.0,172290.0,0.0,0.0,461878.0,0.0,0.0,5100.0,108730.0,0.0,3700.0,729652.0,0.0,8995.0,4240.0,0.0,0.0,0.0,0.0,0.0,0.0,0.0,84978.0,21805.0,158667.0,0.0,140126.0,0.0,140786.0,0.0,45317.0,0.0,214321.0
2012-03 ,0.0,0.0,28424.0,16689.0,11677.0,0.0,109026.0,164358.0,0.0,0.0,305198.0,0.0,0.0,5639.0,67729.0,0.0,3642.0,632156.0,0.0,6824.0,4277.0,0.0,0.0,0.0,0.0,0.0,0.0,0.0,60065.0,21542.0,144516.0,0.0,110251.0,0.0,124294.0,0.0,25152.0,0.0,187630.0
2012-04 ,0.0,0.0,29789.0,15172.0,11252.0,0.0,112292.0,165703.0,0.0,0.0,272424.0,0.0,0.0,6470.0,70155.0,0.0,3739.0,685687.0,0.0,6454.0,4277.0,0.0,0.0,0.0,0.0,0.0,0.0,0.0,59073.0,23134.0,0.0,0.0,96072.0,0.0,126583.0,0.0,39559.0,0.0,198648.0
2012-05 ,0.0,0.0,36426.0,16844.0,12388.0,0.0,128693.0,168138.0,0.0,0.0,328152.0,0.0,0.0,6360.0,92044.0,0.0,3671.0,810692.0,0.0,6143.0,4240.0,0.0,0.0,0.0,0.0,0.0,0.0,0.0,78864.0,26250.0,147273.0,0.0,98587.0,0.0,143388.0,0.0,71627.0,0.0,202519.0
2012-06 ,0.0,0.0,46136.0,22645.0,17570.0,0.0,147128.0,170060.0,0.0,0.0,436302.0,0.0,0.0,6232.0,122468.0,0.0,3579.0,940346.0,0.0,12592.0,4166.0,0.0,0.0,0.0,0.0,0.0,0.0,0.0,109625.0,28239.0,0.0,0.0,121277.0,0.0,161027.0,0.0,104371.0,0.0,245188.0
2012-07 ,0.0,0.0,59923.0,27908.0,23866.0,0.0,170667.0,172625.0,0.0,0.0,554144.0,0.0,0.0,6008.0,151248.0,0.0,3625.0,1049923.0,0.0,23772.0,4092.0,0.0,0.0,0.0,0.0,0.0,0.0,0.0,134930.0,26684.0,178437.0,0.0,148803.0,0.0,166122.0,0.0,127624.0,0.0,292517.0
2012-08 ,0.0,0.0,68474.0,29909.0,29314.0,0.0,170667.0,177622.0,0.0,0.0,705252.0,0.0,0.0,6325.0,172010.0,0.0,3488.0,1146316.0,0.0,34077.0,4055.0,0.0,0.0,0.0,0.0,0.0,0.0,0.0,154899.0,24889.0,201756.0,0.0,181859.0,0.0,183363.0,0.0,144832.0,0.0,331445.0
2012-09 ,0.0,0.0,74708.0,30805.0,33898.0,0.0,211978.0,181760.0,0.0,0.0,835754.0,0.0,0.0,7026.0,190337.0,0.0,3292.0,1229068.0,0.0,44200.0,4092.0,0.0,0.0,0.0,0.0,0.0,0.0,0.0,163762.0,24113.0,0.0,0.0,210201.0,0.0,201687.0,0.0,167851.0,0.0,341707.0
2012-10 ,0.0,0.0,85905.0,30824.0,36124.0,0.0,216030.0,184679.0,0.0,0.0,911501.0,0.0,0.0,0.0,197594.0,0.0,3363.0,1278941.0,0.0,48718.0,4129.0,0.0,0.0,0.0,0.0,0.0,0.0,0.0,165263.0,26290.0,0.0,0.0,221434.0,0.0,201223.0,0.0,184550.0,0.0,343373.0
2012-11 ,0.0,0.0,81895.0,28912.0,36403.0,0.0,198129.0,185752.0,0.0,0.0,886370.0,0.0,0.0,7020.0,188399.0,0.0,3437.0,1271892.0,0.0,47654.0,4203.0,0.0,0.0,0.0,0.0,0.0,0.0,0.0,166824.0,0.0,0.0,0.0,209897.0,0.0,193730.0,0.0,189609.0,0.0,347521.0
2012-12 ,0.0,0.0,0.0,0.0,34297.0,0.0,164252.0,178600.0,0.0,0.0,746309.0,0.0,0.0,7096.0,160391.0,0.0,3405.0,1180681.0,0.0,38602.0,4240.0,0.0,0.0,0.0,0.0,0.0,0.0,0.0,160763.0,24909.0,223031.0,0.0,179399.0,0.0,185227.0,0.0,172117.0,0.0,322822.0
2013-01 ,0.0,403747.0,33802.0,16748.0,28791.0,0.0,120078.0,163830.0,0.0,0.0,560285.0,0.0,1240061.0,5843.0,117415.0,0.0,3494.0,1011136.0,0.0,92523.0,1303.0,0.0,0.0,0.0,0.0,0.0,85.0,3859.0,0.0,23514.0,200119.0,0.0,138707.0,0.0,171076.0,0.0,130995.0,0.0,254245.0
2013-02 ,0.0,305861.0,30612.0,10588.0,27451.0,0.0,80415.0,147461.0,0.0,0.0,357777.0,0.0,1002021.0,5803.0,79438.0,0.0,3506.0,798461.0,0.0,63485.0,1340.0,0.0,0.0,0.0,0.0,0.0,87.0,6891.0,122135.0,21686.0,176535.0,0.0,96101.0,0.0,151102.0,0.0,107117.0,0.0,141245.0
2013-03 ,0.0,197449.0,21679.0,6225.0,22623.0,0.0,53378.0,133760.0,0.0,0.0,206457.0,0.0,733868.0,7568.0,45748.0,0.0,3453.0,609296.0,0.0,36269.0,1340.0,0.0,0.0,0.0,0.0,0.0,86.0,5513.0,109252.0,25437.0,159888.0,0.0,53783.0,0.0,137548.0,0.0,94896.0,0.0,47518.0
2013-04 ,0.0,132356.0,17260.0,4644.0,20688.0,0.0,33631.0,125733.0,0.0,0.0,167223.0,0.0,579497.0,6112.0,29637.0,0.0,3501.0,547383.0,0.0,20529.0,1340.0,0.0,0.0,0.0,0.0,0.0,82.0,5356.0,108812.0,30316.0,158808.0,0.0,17118.0,0.0,140783.0,0.0,89384.0,0.0,39674.0
2013-05 ,0.0,132757.0,26758.0,6741.0,23111.0,0.0,32854.0,125184.0,0.0,0.0,233161.0,0.0,654213.0,5700.0,47031.0,0.0,3516.0,625221.0,0.0,34386.0,1266.0,0.0,0.0,0.0,0.0,0.0,86.0,3860.0,120820.0,31594.0,172904.0,0.0,7872.0,0.0,141537.0,0.0,110757.0,0.0,85169.0
2013-06 ,0.0,166228.0,35424.0,11534.0,27278.0,0.0,54741.0,130489.0,0.0,0.0,355543.0,0.0,819027.0,5416.0,74938.0,0.0,3586.0,757619.0,0.0,62177.0,1155.0,0.0,0.0,0.0,0.0,0.0,90.0,3230.0,141479.0,30862.0,193783.0,0.0,35458.0,0.0,149260.0,0.0,133768.0,0.0,156541.0
2013-07 ,0.0,234758.0,43899.0,18008.0,31304.0,0.0,95367.0,140102.0,0.0,0.0,503624.0,0.0,1033096.0,5775.0,170538.0,0.0,3606.0,889482.0,0.0,88208.0,1229.0,0.0,0.0,0.0,0.0,0.0,89.0,4411.0,164577.0,25000.0,212449.0,0.0,75558.0,0.0,171282.0,0.0,145756.0,0.0,230188.0
2013-08 ,0.0,325228.0,55019.0,24401.0,33905.0,0.0,140286.0,153436.0,0.0,0.0,646565.0,0.0,1254756.0,7423.0,186829.0,0.0,3493.0,1024358.0,0.0,116224.0,1266.0,0.0,0.0,0.0,0.0,0.0,91.0,4135.0,187574.0,22774.0,227460.0,0.0,111689.0,0.0,183301.0,0.0,161018.0,0.0,279794.0
2013-09 ,0.0,407029.0,58110.0,28507.0,34696.0,0.0,177889.0,167670.0,0.0,0.0,761131.0,0.0,1404911.0,7534.0,202328.0,0.0,3388.0,1131723.0,0.0,148055.0,1229.0,0.0,0.0,0.0,0.0,36118.0,89.0,3280.0,205874.0,28900.0,241712.0,0.0,155286.0,0.0,195567.0,0.0,179641.0,0.0,306299.0
2013-10 ,0.0,469006.0,59602.0,29996.0,34323.0,0.0,202506.0,183083.0,0.0,0.0,830498.0,0.0,1504975.0,6216.0,211227.0,0.0,3429.0,1197978.0,0.0,165778.0,1303.0,0.0,0.0,0.0,0.0,36118.0,89.0,2621.0,213276.0,29407.0,250284.0,0.0,188766.0,0.0,193070.0,0.0,189809.0,0.0,330141.0
2013-11 ,0.0,478684.0,59700.0,29996.0,33510.0,0.0,0.0,193565.0,0.0,0.0,797958.0,0.0,1509682.0,5451.0,206808.0,0.0,3501.0,1189328.0,0.0,159668.0,1303.0,0.0,0.0,0.0,0.0,36118.0,87.0,5050.0,208528.0,28844.0,247355.0,0.0,181994.0,0.0,192080.0,0.0,174780.0,0.0,343817.0
2013-12 ,0.0,429678.0,49507.0,28849.0,30748.0,0.0,0.0,194363.0,0.0,0.0,680709.0,0.0,1383214.0,7096.0,181440.0,0.0,3633.0,1107682.0,0.0,141698.0,1340.0,0.0,0.0,0.0,0.0,36118.0,86.0,5120.0,191866.0,31167.0,225593.0,0.0,158977.0,0.0,177102.0,0.0,137092.0,0.0,324958.0
2014-01 ,0.0,369477.0,39917.0,24979.0,26414.0,0.0,0.0,186508.0,0.0,0.0,577189.0,0.0,1264112.0,7429.0,158839.0,0.0,12386.0,999943.0,0.0,118961.0,1414.0,0.0,0.0,0.0,0.0,37202.0,0.0,6077.0,168907.0,29877.0,204465.0,0.0,140850.0,0.0,166921.0,0.0,103387.0,0.0,293278.0
2014-02 ,0.0,294956.0,38253.0,18622.0,21014.0,0.0,107400.0,173411.0,0.0,0.0,444715.0,0.0,1157850.0,6959.0,126968.0,0.0,8059.0,838929.0,0.0,90281.0,1414.0,0.0,0.0,0.0,0.0,37202.0,85.0,5066.0,138842.0,28149.0,183002.0,0.0,112677.0,0.0,181587.0,0.0,75003.0,0.0,236351.0
2014-03 ,0.0,261037.0,41706.0,16336.0,17293.0,0.0,79297.0,167549.0,0.0,0.0,341023.0,0.0,1105184.0,7611.0,107092.0,0.0,4564.0,731522.0,0.0,68591.0,1452.0,0.0,0.0,0.0,0.0,37202.0,82.0,6277.0,120583.0,31024.0,169472.0,0.0,97842.0,0.0,184404.0,0.0,60197.0,0.0,200543.0
2014-04 ,0.0,303078.0,44174.0,18763.0,16223.0,0.0,86361.0,165852.0,0.0,0.0,350502.0,0.0,1135940.0,6861.0,111805.0,0.0,3281.0,738560.0,0.0,50806.0,1376.0,0.0,0.0,0.0,0.0,37202.0,80.0,9178.0,121775.0,31688.0,167045.0,0.0,104473.0,0.0,192044.0,0.0,76937.0,0.0,211702.0
2014-05 ,0.0,377622.0,45254.0,22600.0,17051.0,0.0,123032.0,170284.0,0.0,0.0,443786.0,0.0,1226631.0,7076.0,138324.0,0.0,5968.0,865165.0,0.0,41114.0,1300.0,0.0,0.0,0.0,0.0,37202.0,84.0,0.0,140672.0,30188.0,173221.0,0.0,130712.0,0.0,191040.0,0.0,110994.0,0.0,246613.0
2014-06 ,0.0,451501.0,48432.0,27486.0,22145.0,0.0,159474.0,176122.0,0.0,0.0,562600.0,0.0,1317706.0,6623.0,166803.0,0.0,11151.0,1020900.0,0.0,56170.0,1300.0,0.0,0.0,0.0,0.0,37202.0,85.0,0.0,166608.0,30358.0,183612.0,0.0,165681.0,0.0,181240.0,0.0,133902.0,0.0,295700.0
2014-07 ,0.0,524396.0,55323.0,31217.0,28529.0,0.0,189813.0,179484.0,0.0,0.0,696003.0,0.0,1413849.0,6026.0,198273.0,0.0,14756.0,1157009.0,0.0,79631.0,1338.0,0.0,0.0,0.0,0.0,37202.0,85.0,2496.0,193608.0,32276.0,195611.0,0.0,199231.0,0.0,199909.0,0.0,145561.0,0.0,343061.0
2014-08 ,0.0,594394.0,67595.0,31663.0,32900.0,0.0,214702.0,186825.0,0.0,0.0,831277.0,0.0,1525942.0,7090.0,238581.0,0.0,18166.0,1263243.0,0.0,104261.0,1338.0,0.0,0.0,0.0,0.0,37202.0,90.0,4874.0,214390.0,35270.0,213324.0,0.0,230900.0,0.0,227063.0,0.0,158970.0,0.0,365123.0
2014-09 ,0.0,640031.0,70554.0,33207.0,36265.0,0.0,227279.0,195198.0,0.0,0.0,920208.0,0.0,1614741.0,5924.0,279078.0,0.0,21321.0,1333270.0,0.0,139506.0,1300.0,0.0,0.0,0.0,0.0,37202.0,92.0,5731.0,229947.0,31896.0,228517.0,0.0,250092.0,0.0,240339.0,0.0,177532.0,0.0,374783.0
2014-10 ,0.0,644125.0,68458.0,36023.0,38764.0,0.0,230562.0,199832.0,0.0,0.0,961253.0,0.0,1671809.0,5517.0,319583.0,0.0,22176.0,1369478.0,0.0,165626.0,3743.0,0.0,0.0,0.0,0.0,37202.0,92.0,5730.0,237473.0,28981.0,247112.0,0.0,255184.0,0.0,256816.0,0.0,190907.0,0.0,382505.0
2014-11 ,0.0,621629.0,68239.0,35057.0,39358.0,0.0,221238.0,200113.0,0.0,0.0,949354.0,0.0,1654023.0,6069.0,339930.0,0.0,20260.0,1344532.0,0.0,163049.0,5231.0,0.0,0.0,0.0,0.0,37202.0,87.0,6517.0,228269.0,30904.0,249931.0,0.0,243071.0,0.0,272707.0,0.0,179043.0,0.0,376772.0
2014-12 ,0.0,556215.0,61171.0,31589.0,36806.0,0.0,190788.0,196700.0,0.0,0.0,816785.0,0.0,1477074.0,6498.0,318632.0,0.0,16040.0,1229891.0,0.0,138249.0,6914.0,0.0,0.0,0.0,0.0,37202.0,81.0,5544.0,201426.0,31597.0,234412.0,0.0,206391.0,0.0,257461.0,0.0,151925.0,0.0,346751.0
2015-01 ,0.0,458620.0,50716.0,26870.0,33929.0,0.0,144751.0,185180.0,0.0,0.0,608771.0,0.0,1183579.0,6024.0,263046.0,0.0,11977.0,1024850.0,0.0,111489.0,7614.0,0.0,0.0,0.0,0.0,37202.0,0.0,3694.0,166342.0,26450.0,215509.0,0.0,160690.0,0.0,212174.0,0.0,121669.0,0.0,276616.0
2015-02 ,0.0,351635.0,38639.0,20971.0,29473.0,0.0,90986.0,162651.0,0.0,0.0,384694.0,0.0,836247.0,4996.0,194839.0,0.0,8377.0,787708.0,0.0,87912.0,4747.0,0.0,0.0,0.0,0.0,37202.0,0.0,2330.0,138915.0,18816.0,190241.0,0.0,113942.0,0.0,168373.0,0.0,84386.0,0.0,171271.0
2015-03 ,0.0,246203.0,29407.0,15660.0,23610.0,0.0,42089.0,145461.0,0.0,0.0,237028.0,0.0,593617.0,5914.0,139833.0,0.0,4688.0,614847.0,0.0,68852.0,4784.0,0.0,0.0,0.0,0.0,37202.0,0.0,4949.0,122810.0,18102.0,171502.0,0.0,72673.0,0.0,135226.0,0.0,55892.0,0.0,96143.0
2015-04 ,0.0,192903.0,24851.0,13086.0,20605.0,0.0,21917.0,137516.0,0.0,0.0,214338.0,0.0,519533.0,6322.0,115030.0,0.0,2810.0,600067.0,0.0,52089.0,4448.0,0.0,0.0,0.0,0.0,37202.0,0.0,5150.0,111550.0,17469.0,166949.0,0.0,46903.0,0.0,127419.0,0.0,37572.0,0.0,66538.0
2015-05 ,0.0,218316.0,19219.0,12974.0,21714.0,0.0,38416.0,139357.0,0.0,0.0,285663.0,0.0,569961.0,7177.0,117987.0,0.0,3213.0,729840.0,0.0,41092.0,4297.0,0.0,0.0,0.0,0.0,37202.0,0.0,5504.0,117051.0,21370.0,177517.0,0.0,45966.0,0.0,135458.0,0.0,39363.0,0.0,71016.0
2015-06 ,0.0,286117.0,18180.0,13636.0,25577.0,0.0,76743.0,148040.0,0.0,0.0,397894.0,0.0,714501.0,8058.0,134371.0,0.0,6299.0,881627.0,0.0,53807.0,4021.0,0.0,0.0,0.0,0.0,37202.0,0.0,7378.0,143850.0,23017.0,0.0,0.0,68622.0,0.0,134838.0,0.0,61777.0,0.0,117765.0
2015-07 ,0.0,361587.0,26289.0,18108.0,30349.0,0.0,118785.0,158893.0,0.0,0.0,547057.0,0.0,901535.0,7663.0,156688.0,0.0,11424.0,1019533.0,0.0,85746.0,4805.0,0.0,0.0,0.0,0.0,37202.0,0.0,6451.0,175358.0,20292.0,210183.0,0.0,101063.0,0.0,132480.0,0.0,87793.0,0.0,194078.0
2015-08 ,0.0,432679.0,31961.0,23700.0,34387.0,0.0,164841.0,171056.0,0.0,0.0,711497.0,0.0,1101961.0,6753.0,185113.0,0.0,15493.0,1162600.0,0.0,118926.0,5510.0,0.0,0.0,0.0,0.0,37202.0,0.0,6478.0,208624.0,20226.0,227600.0,0.0,137579.0,0.0,137458.0,0.0,114125.0,0.0,269272.0
2015-09 ,0.0,489147.0,37258.0,28122.0,37250.0,0.0,204871.0,182276.0,0.0,0.0,835566.0,0.0,1264555.0,5769.0,224590.0,0.0,17864.0,1288190.0,0.0,146154.0,6484.0,0.0,0.0,0.0,0.0,1305670.0,0.0,8684.0,235508.0,20958.0,246208.0,0.0,168427.0,0.0,152433.0,0.0,143902.0,0.0,301163.0
2015-10 ,0.0,519319.0,43625.0,33024.0,38132.0,0.0,213183.0,188815.0,0.0,0.0,889892.0,0.0,1352022.0,5271.0,0.0,0.0,18574.0,1359586.0,0.0,153559.0,7455.0,0.0,0.0,0.0,0.0,1358660.0,0.0,8248.0,247612.0,21112.0,259898.0,0.0,191863.0,0.0,163941.0,0.0,174571.0,0.0,313397.0
2015-11 ,0.0,505705.0,42313.0,35013.0,35915.0,0.0,194190.0,190924.0,0.0,0.0,843611.0,0.0,1378940.0,6142.0,249197.0,0.0,17098.0,1344179.0,0.0,141548.0,4724.0,0.0,0.0,0.0,0.0,1351728.0,0.0,3952.0,232604.0,22842.0,261464.0,0.0,197338.0,0.0,175782.0,0.0,198028.0,0.0,327085.0
2015-12 ,0.0,456189.0,43451.0,32652.0,32397.0,0.0,170039.0,189792.0,0.0,0.0,738613.0,0.0,1361100.0,7356.0,225832.0,0.0,13557.0,1238806.0,0.0,124934.0,6265.0,0.0,0.0,0.0,0.0,1308004.0,0.0,2660.0,192154.0,28311.0,249548.0,0.0,183070.0,0.0,177716.0,0.0,188179.0,0.0,326828.0
2016-01 ,0.0,385082.0,40456.0,26882.0,27588.0,0.0,133478.0,179826.0,0.0,0.0,591529.0,0.0,1154192.0,7670.0,177798.0,0.0,9740.0,1036894.0,0.0,103242.0,8459.0,0.0,0.0,0.0,0.0,1198763.0,0.0,2613.0,150171.0,31242.0,227520.0,0.0,148977.0,0.0,172400.0,0.0,150743.0,0.0,271709.0
2016-02 ,0.0,319174.0,26337.0,19946.0,23075.0,0.0,95633.0,164594.0,0.0,0.0,426232.0,0.0,913015.0,7212.0,129911.0,0.0,6583.0,817385.0,0.0,78820.0,8418.0,0.0,0.0,0.0,0.0,1049609.0,0.0,4213.0,126148.0,29669.0,208090.0,0.0,102324.0,0.0,150136.0,0.0,117238.0,0.0,176858.0
2016-03 ,0.0,278657.0,16742.0,14093.0,19912.0,0.0,69176.0,153949.0,0.0,0.0,302337.0,0.0,801960.0,4932.0,105117.0,0.0,4100.0,668884.0,0.0,57487.0,7113.0,0.0,0.0,0.0,0.0,896267.0,0.0,3613.0,106105.0,24748.0,196017.0,0.0,75181.0,0.0,119239.0,0.0,84860.0,0.0,114308.0
2016-04 ,0.0,282988.0,17961.0,11563.0,18814.0,0.0,53043.0,149448.0,0.0,0.0,271109.0,0.0,829155.0,5029.0,98728.0,0.0,2610.0,650781.0,0.0,39263.0,7062.0,0.0,0.0,0.0,0.0,810020.0,0.0,3658.0,90183.0,22857.0,193558.0,0.0,77302.0,0.0,116793.0,0.0,81620.0,0.0,80377.0
2016-05 ,0.0,332625.0,22627.0,13621.0,20424.0,0.0,67236.0,156755.0,0.0,0.0,358538.0,0.0,970616.0,5989.0,118159.0,0.0,2123.0,774219.0,0.0,27402.0,6967.0,0.0,0.0,0.0,0.0,877390.0,0.0,6032.0,102149.0,24023.0,201258.0,0.0,104441.0,0.0,126036.0,0.0,105248.0,0.0,87165.0
2016-06 ,0.0,404120.0,28222.0,17940.0,23831.0,0.0,110698.0,170625.0,0.0,0.0,474504.0,0.0,1121673.0,5955.0,152606.0,0.0,2106.0,941919.0,0.0,28581.0,7031.0,0.0,0.0,0.0,0.0,1001800.0,0.0,5307.0,137627.0,23214.0,212656.0,0.0,144367.0,0.0,145359.0,0.0,128671.0,0.0,135135.0
2016-07 ,0.0,497401.0,37273.0,23608.0,28820.0,0.0,166612.0,182433.0,0.0,0.0,604559.0,0.0,1305644.0,7142.0,193327.0,0.0,2101.0,1105006.0,0.0,46735.0,8759.0,0.0,0.0,0.0,0.0,1128887.0,0.0,3578.0,174935.0,22353.0,226763.0,0.0,188180.0,0.0,158011.0,0.0,153806.0,0.0,180155.0
2016-08 ,0.0,583779.0,48339.0,29211.0,33652.0,0.0,210037.0,191706.0,0.0,0.0,759062.0,0.0,1481255.0,6114.0,237091.0,0.0,3342.0,1250848.0,0.0,73610.0,7014.0,0.0,0.0,0.0,0.0,1214516.0,0.0,2781.0,207767.0,21623.0,242206.0,0.0,230703.0,0.0,154700.0,0.0,171360.0,0.0,197645.0
2016-09 ,0.0,640346.0,58599.0,32142.0,37022.0,0.0,234095.0,196039.0,0.0,0.0,874510.0,0.0,1597961.0,5798.0,276361.0,0.0,5764.0,1366154.0,0.0,102641.0,6511.0,0.0,0.0,0.0,0.0,1243826.0,0.0,4748.0,243733.0,22528.0,251222.0,0.0,252880.0,0.0,157592.0,0.0,196833.0,0.0,200399.0
2016-10 ,0.0,651598.0,62039.0,33802.0,37561.0,0.0,240342.0,198272.0,0.0,0.0,928545.0,0.0,1658191.0,6091.0,287040.0,0.0,6934.0,1439114.0,0.0,112217.0,5064.0,0.0,0.0,0.0,0.0,1248596.0,0.0,6768.0,263787.0,20645.0,254671.0,0.0,251911.0,0.0,159192.0,0.0,219871.0,0.0,204930.0
2016-11 ,0.0,604212.0,59724.0,33957.0,35124.0,0.0,222771.0,195099.0,0.0,0.0,888298.0,0.0,1574323.0,6044.0,264714.0,0.0,6623.0,1418157.0,0.0,99912.0,6099.0,0.0,0.0,0.0,0.0,1150818.0,0.0,6219.0,256908.0,20588.0,251716.0,0.0,226904.0,0.0,143704.0,0.0,200708.0,0.0,202277.0
2016-12 ,0.0,497671.0,56316.0,30911.0,28473.0,0.0,177836.0,184268.0,0.0,0.0,743349.0,0.0,1330490.0,6331.0,217377.0,0.0,5946.0,1266997.0,0.0,85476.0,9848.0,0.0,0.0,0.0,0.0,944692.0,0.0,3631.0,227018.0,24792.0,240194.0,0.0,179319.0,0.0,138070.0,0.0,156694.0,0.0,189132.0
2017-01 ,0.0,354867.0,44944.4,24968.0,18945.0,0.0,113149.0,170875.0,0.0,0.0,522330.0,0.0,947924.0,4766.0,156447.0,0.0,4463.0,1020119.0,0.0,70395.0,7019.0,0.0,215.0,0.0,0.0,0.0,0.0,2814.0,177765.0,21215.0,216658.0,25259.0,205760.0,0.0,128438.0,0.0,113539.0,0.0,148313.0
2017-02 ,0.0,228747.0,29094.8,18294.0,12701.0,0.0,61886.0,154192.0,0.0,0.0,339895.0,0.0,602720.0,5455.0,117065.0,0.0,2598.0,780670.0,0.0,55110.0,4978.0,0.0,1013.0,0.0,0.0,0.0,0.0,4815.0,134717.0,21720.0,188543.0,19781.0,163667.0,0.0,144493.0,0.0,83005.0,0.0,106875.0
2017-03 ,0.0,151885.0,19318.1,13620.0,11282.0,0.0,41260.0,139408.0,0.0,0.0,259785.0,0.0,496878.0,7449.0,107506.0,0.0,935.0,660242.0,0.0,42087.0,7008.0,0.0,3757.0,0.0,0.0,0.0,0.0,6611.0,107462.0,25342.0,171683.0,18754.0,144873.0,0.0,161717.0,0.0,74904.0,0.0,88948.0
2017-04 ,0.0,138558.0,16507.3,12392.0,11859.0,0.0,44638.0,134555.0,0.0,0.0,262832.0,0.0,512090.0,7492.0,112783.0,0.0,17.0,690506.0,0.0,32185.0,5029.0,0.0,5161.0,0.0,0.0,0.0,0.0,6176.0,92169.0,23198.0,167347.0,18107.0,146404.0,0.0,143796.0,0.0,78906.0,0.0,63664.0
2017-05 ,0.0,178836.0,19390.8,14858.0,14298.0,0.0,66011.0,137819.0,0.0,0.0,341587.0,0.0,601023.0,7324.0,133647.0,0.0,0.0,827982.0,0.0,27825.0,5156.0,0.0,3925.0,0.0,0.0,0.0,0.0,4546.0,104118.0,20946.0,175773.0,19362.0,168984.0,0.0,148137.0,0.0,103649.0,0.0,45940.0
2017-06 ,0.0,236907.0,26011.9,19424.0,19336.0,0.0,112049.0,145052.0,0.0,0.0,428563.0,0.0,765680.0,7473.0,168114.0,0.0,0.0,988409.0,0.0,27606.0,5721.0,0.0,2222.0,0.0,0.0,0.0,0.0,5933.0,136906.0,21325.0,185696.0,23090.0,199974.0,0.0,156431.0,0.0,146602.0,0.0,55781.0
2017-07 ,0.0,316727.0,36801.1,25338.0,25135.0,0.0,164490.0,158770.0,0.0,0.0,532178.0,0.0,981601.0,6904.0,211118.0,0.0,0.0,1136129.0,0.0,31690.0,3615.0,0.0,1865.0,0.0,0.0,0.0,0.0,7595.0,171675.0,21315.0,195623.0,26590.0,224541.0,0.0,158652.0,0.0,172742.0,0.0,75707.0
2017-08 ,0.0,431294.0,49024.2,30269.0,30999.0,0.0,200060.0,176392.0,0.0,0.0,663057.0,0.0,1225983.0,7018.0,272996.0,0.0,0.0,1275755.0,0.0,45250.0,3774.0,0.0,3684.0,0.0,0.0,0.0,0.0,7296.0,209847.0,21602.0,208713.0,30318.0,257018.0,0.0,174853.0,0.0,195498.0,0.0,88879.0
2017-09 ,0.0,540895.0,56802.0,33718.0,35502.0,0.0,224253.0,187806.0,0.0,0.0,749866.0,0.0,1400585.0,7963.0,339804.0,0.0,0.0,1385391.0,0.0,71894.0,6173.0,0.0,2957.0,0.0,0.0,0.0,0.0,7092.0,247851.0,30201.0,220620.0,33970.0,300619.0,0.0,181718.0,0.0,219624.0,0.0,82310.0
2017-10 ,0.0,605295.0,58750.6,35983.0,37886.0,0.0,237759.0,192780.0,0.0,0.0,783736.0,0.0,1517948.0,7800.0,372954.0,0.0,0.0,1450884.0,0.0,100231.0,8998.0,0.0,3097.0,0.0,0.0,0.0,0.0,7211.0,264854.0,33016.0,228149.0,35606.0,323202.0,0.0,191495.0,0.0,239140.0,0.0,88259.0
2017-11 ,0.0,606586.0,61104.8,35342.0,37218.0,0.0,228620.0,193694.0,0.0,0.0,751273.0,0.0,1507418.0,6553.0,358751.0,0.0,0.0,1409164.0,0.0,106640.0,7241.0,0.0,4155.0,0.0,0.0,0.0,0.0,5912.0,255147.0,29434.0,221607.0,35264.0,318507.0,0.0,206558.0,0.0,229256.0,0.0,102817.0
2017-12 ,0.0,525650.0,47878.600000000006,31650.0,33313.0,0.0,196772.0,188226.0,0.0,0.0,632289.0,0.0,1285901.0,7169.0,315382.0,0.0,0.0,1242676.0,0.0,94870.0,7085.0,0.0,2296.0,0.0,0.0,0.0,0.0,5349.0,229285.0,28561.0,204968.0,32792.0,281326.0,0.0,192086.0,0.0,219599.0,0.0,89314.0
2018-01 ,0.0,403819.0,26916.6,24969.0,28318.0,0.0,148759.0,172400.0,0.0,0.0,474685.0,0.0,1034907.0,6756.0,261827.0,0.0,0.0,1024694.0,0.0,78232.0,7679.0,0.0,2866.0,0.0,0.0,1000801.0,0.0,7075.0,193491.0,29916.0,116610.0,28759.0,224207.0,0.0,176232.0,0.0,219861.0,0.0,83102.0
2018-02 ,0.0,283672.0,17269.8,18188.0,21470.0,0.0,86935.0,149365.0,0.0,0.0,289601.0,0.0,704045.0,5252.0,198181.0,0.0,0.0,794160.0,0.0,57810.0,5301.0,0.0,3379.0,0.0,0.0,781600.0,0.0,6513.0,152771.0,25582.0,80989.0,23889.0,167933.0,0.0,150509.0,0.0,211753.0,0.0,73698.0
2018-03 ,0.0,177056.0,9636.1,13255.0,14265.0,0.0,35571.0,133316.0,0.0,0.0,131469.0,0.0,372519.0,6335.0,137360.0,0.0,0.0,625913.0,0.0,37014.0,4763.0,0.0,3863.0,0.0,0.0,590788.0,0.0,5708.0,120009.0,23551.0,41312.0,18716.0,121318.0,0.0,120190.0,0.0,221309.0,0.0,39868.0
2018-04 ,0.0,162730.0,4615.0,12377.0,11599.0,0.0,28760.0,129082.0,0.0,0.0,109747.0,0.0,325507.0,7271.0,125720.0,0.0,0.0,633030.0,0.0,23733.0,4033.0,0.0,4776.0,0.0,0.0,581675.0,0.0,6478.0,113085.0,24032.0,38973.0,16091.0,110933.0,0.0,124407.0,0.0,232309.0,0.0,25673.0
2018-05 ,0.0,222566.0,9421.8,15459.0,14111.0,0.0,56417.0,132503.0,0.0,0.0,221408.0,0.0,499922.0,7140.0,162136.0,0.0,0.0,799635.0,0.0,19826.0,4765.0,0.0,2899.0,0.0,0.0,705994.0,0.0,6803.0,130911.0,23788.0,58380.0,17118.0,129215.0,0.0,140247.0,0.0,227188.0,0.0,32465.0
2018-06 ,0.0,284743.0,20677.0,20892.0,18386.0,0.0,87641.0,141086.0,0.0,0.0,368696.0,0.0,715499.0,6044.0,216675.0,0.0,0.0,990130.0,0.0,19231.0,6736.0,0.0,3061.0,0.0,0.0,845270.0,0.0,7043.0,164995.0,26815.0,79991.0,21379.0,149184.0,0.0,152229.0,0.0,235878.0,0.0,43871.0
2018-07 ,0.0,349063.0,32043.3,26457.0,24177.0,0.0,120207.0,153091.0,0.0,0.0,528488.0,0.0,902928.0,4828.0,268849.0,0.0,0.0,1151495.0,0.0,25826.0,7519.0,0.0,3062.0,0.0,0.0,991153.0,0.0,6265.0,202633.0,28581.0,103689.0,25982.0,168754.0,0.0,159405.0,0.0,252865.0,0.0,63135.0
2018-08 ,0.0,418459.0,43052.2,30669.0,30000.0,0.0,159050.0,165241.0,0.0,0.0,696861.0,0.0,1119639.0,4787.0,308441.0,0.0,0.0,1292216.0,0.0,45137.0,6010.0,0.0,2656.0,0.0,0.0,1138722.0,0.0,3417.0,231397.0,26058.0,130312.0,30014.0,198294.0,0.0,165449.0,0.0,252968.0,0.0,82143.0
2018-09 ,0.0,480073.0,48021.7,34503.0,34115.0,0.0,194170.0,175813.0,0.0,0.0,836861.0,0.0,1307385.0,6366.0,347630.0,0.0,0.0,1405098.0,0.0,74190.0,6380.0,0.0,2948.0,0.0,0.0,1296435.0,0.0,2423.0,257696.0,22572.0,156909.0,33780.0,227594.0,0.0,184115.0,0.0,254558.0,0.0,82147.0
2018-10 ,0.0,526196.0,46109.3,36232.0,36910.0,0.0,216058.0,185030.0,0.0,0.0,920617.0,0.0,1440000.0,6633.0,364288.0,0.0,0.0,1464334.0,0.0,93346.0,6490.0,0.0,3227.0,0.0,0.0,1389713.0,0.0,5105.0,269848.0,26421.0,173564.0,35226.0,246182.0,0.0,209610.0,0.0,254516.0,0.0,87473.0
2018-11 ,0.0,541485.0,43854.8,35477.0,36625.0,0.0,216880.0,188145.0,0.0,0.0,906353.0,0.0,1461038.0,6241.0,344373.0,0.0,0.0,1422262.0,0.0,90924.0,4003.0,0.0,2829.0,0.0,0.0,1374402.0,0.0,7079.0,252362.0,31830.0,165220.0,34199.0,254770.0,0.0,214715.0,0.0,259704.0,0.0,104427.0
2018-12 ,0.0,498352.0,42124.8,31541.0,30727.0,0.0,191849.0,185617.0,0.0,0.0,798861.0,0.0,1458960.0,9591.0,291803.0,0.0,0.0,1265588.0,0.0,79154.0,5624.0,0.0,2694.0,0.0,0.0,1299370.0,0.0,5758.0,218196.0,33909.0,130576.0,30814.0,240826.0,0.0,214623.0,0.0,255830.0,0.0,108574.0
2019-01 ,0.0,414570.0,34394.3,24446.0,21175.0,0.0,150375.0,171553.0,0.0,0.0,595136.0,0.0,1363110.0,12489.0,217669.0,0.0,0.0,1021917.0,0.0,64192.0,5168.0,0.0,2501.807,0.0,0.0,692766.108,0.0,5963.0,180824.0,35615.0,85604.0,24652.0,203664.0,0.0,209504.0,0.0,230838.0,0.0,102889.0
2019-02 ,0.0,349653.0,27318.800000000003,17443.0,13072.0,0.0,0.0,160640.0,0.0,1728.0,384377.0,0.0,1144607.0,12465.0,160912.0,0.0,0.0,779771.0,0.0,49548.0,2660.0,0.0,2530.982,0.0,0.0,543971.735,0.0,8779.0,148873.0,36513.0,49889.0,20467.0,169199.0,0.0,180961.0,0.0,192287.0,0.0,82099.0
2019-03 ,0.0,346703.0,31651.0,12519.0,10219.0,0.0,96622.0,158033.0,0.0,1785.0,312438.0,0.0,1064450.0,9116.0,136906.0,0.0,0.0,658913.0,0.0,34667.0,4984.0,0.0,2889.195,0.0,0.0,489451.975,0.0,6519.0,126155.0,33288.0,31874.0,20086.0,162680.0,0.0,162292.0,46.0,151021.0,0.0,60619.0
2019-04 ,0.0,398265.0,38402.2,11391.0,13102.0,0.0,106988.0,160364.0,0.0,2002.0,369229.0,0.0,1152615.0,4572.0,153824.0,0.0,0.0,699538.0,0.0,23000.0,4994.0,0.0,3232.69,0.0,0.0,504076.572,0.0,4917.0,120264.0,30762.0,31703.0,20010.0,184028.0,0.0,151908.0,11.0,123931.0,0.0,109979.0
2019-05 ,0.0,473079.0,42452.8,15226.0,17460.0,0.0,138375.0,167217.0,0.0,2129.0,479582.0,0.0,1326191.0,4842.0,210850.0,0.0,0.0,845929.0,0.0,27643.0,4276.0,0.0,3797.403,0.0,0.0,569406.2810000001,0.0,8229.0,140641.0,33883.0,50132.0,20581.0,227166.0,0.0,160274.0,11.0,120113.0,0.0,123405.0
2019-06 ,0.0,549989.0,52466.3,21820.0,22727.0,0.0,184951.0,175942.0,0.0,2214.0,607661.0,0.0,1524175.0,8267.0,289188.0,0.0,0.0,1025594.0,0.0,46624.0,4225.0,0.0,4144.96,0.0,0.0,688511.439,0.0,9699.0,173509.0,32325.0,86303.0,22445.0,278479.0,0.0,177073.0,0.0,142849.0,0.0,134044.0
2019-07 ,0.0,621874.0,63487.2,28374.0,28519.0,0.0,225060.0,184201.0,0.0,2602.0,739852.0,0.0,1675749.0,8209.0,369780.0,0.0,0.0,1196461.0,0.0,71237.0,5658.0,0.0,4231.427,0.0,0.0,804957.871,0.0,8475.0,208663.0,30911.0,127204.0,25754.0,319988.0,0.0,195212.0,0.0,170587.0,0.0,156462.0
2019-08 ,0.0,673499.0,72545.79999999999,33818.0,33123.0,0.0,248200.0,189486.0,0.0,2601.0,871694.0,0.0,1788243.0,9069.0,436549.0,0.0,0.0,1338706.0,0.0,96000.0,7988.0,0.0,4050.246,0.0,0.0,892139.302,0.0,5921.0,239861.0,37777.0,164971.0,29368.0,340905.0,0.0,224484.0,0.0,199568.0,0.0,176561.0
2019-09 ,0.0,702414.0,77838.4,38774.0,37464.0,0.0,261396.0,190736.0,0.0,2572.0,0.0,0.0,1883978.0,9151.0,486946.0,0.0,0.0,1446895.0,0.0,118294.0,8509.0,0.0,3694.1760000000004,0.0,0.0,960842.55,0.0,5633.0,264475.0,41711.0,200656.0,33173.0,345477.0,0.0,269519.0,0.0,236930.0,0.0,186518.0
2019-10 ,0.0,712436.0,80178.20000000001,42027.0,39706.0,0.0,263921.0,190722.0,0.0,2788.0,0.0,0.0,1920126.0,8071.0,510937.0,0.0,0.0,1502847.0,0.0,131077.0,8418.0,0.0,3640.6730000000002,0.0,0.0,991323.712,0.0,5021.0,274713.0,38878.0,226218.0,38080.0,349682.0,0.0,311595.0,0.0,263417.0,0.0,192544.0
2019-11 ,0.0,710945.0,77945.20000000001,41419.0,37455.0,0.0,263199.0,191336.0,0.0,2911.0,0.0,0.0,1927263.0,11356.0,514245.0,0.0,0.0,1476494.0,0.0,128518.0,6635.0,0.0,3809.818,0.0,0.0,950010.525,0.0,4596.0,272773.0,36877.0,236616.0,42112.0,352000.0,0.0,310894.0,0.0,271894.0,0.0,184110.0
2019-12 ,0.0,704000.0,70085.9,36296.0,32582.0,0.0,260323.0,190292.0,0.0,2947.0,922286.0,0.0,1905204.0,10998.0,509790.0,0.0,0.0,1343985.0,0.0,117476.0,6917.0,0.0,3853.636,0.0,0.0,855513.4140000001,0.0,3786.0,263309.0,35858.0,228445.0,43520.0,346777.0,0.0,289262.0,0.0,257343.0,0.0,183447.728
2020-01 ,0.0,656246.907,60579.899999999994,28014.561999999998,25251.124,0.0,236427.31,173877.86,0.0,2777.0,734749.98,0.0,1784745.63,8484.559000000001,463998.0,0.0,0.0,1106766.0,0.0,97778.755,14137.4,0.0,3403.239,11.3,0.0,748486.496,99.58099999999999,3007.234,273218.811,31605.062,195496.0,41009.0,316855.969,0.0,249922.0,0.0,209611.2,1380040.0,144805.68600000002
2020-02 ,0.0,599169.1410000001,54350.1,20365.554,17674.760000000002,0.0,188349.71499999997,164218.539,0.0,2369.0,496532.36400000006,0.0,1633283.0,10142.702000000001,400397.0,0.0,0.0,867472.0,0.0,74920.09,9515.8,0.0,3205.599,19.6,0.0,631993.7790000001,95.958,4795.554,218016.451,33941.008,159706.0,38156.0,279635.245,0.0,207990.0,0.0,163196.24,1171996.0,70482.638
2020-03 ,0.0,562804.081,61860.40000000001,15534.811000000002,13232.466,0.0,144094.15,157534.117,0.0,2122.0,368937.196,0.0,1508674.0,9866.414,364122.0,0.0,0.0,745559.0,0.0,61942.883,10333.4,0.0,3291.4759999999997,-51.4,0.0,526159.542,97.09700000000001,5670.776,186750.25300000003,38473.928,142758.0,37510.0,262333.721,0.0,201553.0,0.0,137537.17,1151547.0,45297.944
2020-04 ,0.0,552243.239,70339.90000000001,13937.601999999999,12606.735999999999,0.0,126486.647,155573.53999999998,0.0,2331.0,428669.97,0.0,1497634.0,7513.644,356455.0,0.0,0.0,804443.0,0.0,58177.766,11323.5,0.0,3224.4790000000003,-13.4,0.0,518615.909,99.47800000000001,5117.646000000001,186859.76200000002,41135.067,143611.0,33972.0,259224.904,0.0,200534.0,0.0,118226.58,1174170.0,88252.803
2020-05 ,0.0,591316.525,72100.9,17278.882999999998,15150.702,0.0,159495.011,158146.68300000002,0.0,2471.0,624102.548,0.0,1620991.0,7757.207,374342.0,0.0,0.0,982348.0,0.0,65973.11499999999,10718.5,0.0,3176.0460000000003,-37.0,0.0,620398.5549999999,109.308,5403.289000000001,207552.35600000003,44976.312000000005,156502.0,28874.0,274666.073,0.0,207310.0,0.0,140455.99,1205951.0,147695.023
2020-06 ,0.0,637705.973,75084.7,23663.593999999997,19484.399999999998,0.0,208324.37900000002,163675.12,0.0,2348.0,764782.7339999999,0.0,1719203.0,7532.524,396642.0,0.0,0.0,1153645.0,0.0,83031.334,11440.4,0.0,3131.322,-26.8,0.0,730060.503,113.269,4818.9800000000005,240574.53999999998,42574.346999999994,173380.0,26553.0,292226.981,0.0,220457.0,0.0,149397.82,1234775.0,177907.223
2020-07 ,0.0,647640.11,78348.9,29425.207,24886.089999999997,0.0,241856.592,171832.124,0.0,2655.0,837298.993,0.0,1754701.0,8257.576,426823.0,0.0,0.0,1288032.0,0.0,104558.89300000001,15910.400000000001,0.0,4984.718000000001,-22.6,0.0,811014.656,106.292,4943.082,282324.27999999997,35198.042,189197.0,27276.0,309163.38399999996,0.0,224463.0,0.0,140661.72,1275053.0,205265.38
2020-08 ,0.0,641246.9739999999,78483.69999999998,34682.513999999996,30867.867,0.0,267054.163,180034.326,0.0,2903.0,913647.8300000001,0.0,1791507.0,10322.464,465528.0,0.0,0.0,1394775.0,0.0,127126.463,20161.8,0.0,4109.468,20.6,0.0,866714.461,102.259,4999.382,328715.13399999996,31617.998,203389.0,31119.0,324285.125,0.0,245516.0,0.0,171328.89,1326160.0,230154.675
2020-09 ,0.0,651533.717,75900.69999999998,39671.496,35082.528000000006,0.0,281693.863,183886.075,0.0,2793.0,971842.736,0.0,1850333.0,9390.729,496966.0,0.0,0.0,1478214.0,0.0,147129.288,18347.0,0.0,3487.23,12.3,0.0,939760.657,97.405,3024.983,357809.472,32116.599,217769.0,36673.0,334496.966,0.0,270974.0,0.0,206180.92,1376474.0,220212.77000000002
2020-10 ,0.0,661352.449,72605.7,41539.0,35721.583,0.0,277381.066,184503.44300000003,0.0,2434.0,988146.917,0.0,1865545.0,6705.228999999999,508006.0,0.0,0.0,1515320.0,0.0,156885.748,17442.1,0.0,3280.1639999999998,-16.5,0.0,979854.1640000001,95.558,2604.746,361208.076,34110.138,225688.0,40325.0,337596.981,0.0,269588.0,0.0,238785.95,1403753.0,231462.302
2020-11 ,0.0,654279.2609999999,70320.70000000001,38840.523,32271.055999999997,0.0,255782.365,183265.76299999998,0.0,2438.0,949224.138,0.0,1803957.0,4849.871,493277.0,0.0,0.0,1448655.0,0.0,149921.405,16227.4,0.0,2560.027,-36.0,0.0,954925.586,99.482,2059.42,351086.29000000004,32319.303,210555.0,39640.0,325379.199,0.0,248672.0,0.0,244557.79,1372180.0,0.0
2020-12 ,0.0,610298.593,62201.40000000001,32558.498999999996,25650.413999999997,0.0,215022.767,179441.69,0.0,3165.0,807716.009,0.0,1609334.0,8333.889000000001,453550.0,0.0,0.0,1271806.0,0.0,135493.22999999998,13960.5,0.0,3369.109,-27.8,0.0,869552.348,101.25,1581.67,318192.276,29528.979,173875.0,37053.0,302827.53500000003,0.0,227183.0,0.0,228501.47999999998,1282904.0,0.0
2021-01 ,0.0,490929.13399999996,48177.90000000001,23837.92,19865.307999999997,0.0,158551.8,177137.511,0.0,3071.0,577577.579,0.0,1201216.0,10362.284,386320.0,0.0,0.0,1035408.0,0.0,113274.072,13235.2,0.0,2674.9080000000004,851.0999999999999,0.0,657449.842,101.53,1575.862,196296.223,30698.382,129798.0,33135.0,251104.689,0.0,193909.851,0.0,203266.84999999998,1167802.0,0.0
2021-02 ,0.0,350989.212,34334.3,15555.405999999999,14615.831999999999,0.0,98016.071,159100.39299999998,0.0,2670.0,354480.49399999995,0.0,794203.0,7397.009,316887.0,0.0,0.0,806008.0,0.0,81957.99100000001,12632.4,0.0,3156.0780000000004,891.2,0.0,424078.108,102.094,1636.5590000000002,157051.696,30602.948000000004,88498.0,28722.0,183772.957,0.0,169550.26,0.0,193821.53999999998,1036070.0,0.0
2021-03 ,0.0,249437.196,25727.9,8557.941,12226.282,0.0,60437.044,147359.826,0.0,2543.0,248969.77399999998,0.0,606729.0,7994.535000000001,276450.0,0.0,0.0,662197.0,0.0,53669.19,14472.199999999999,0.0,3537.858,918.9,0.0,296289.749,101.037,1370.4950000000001,127201.399,27777.754,56061.0,26097.0,149252.94,0.0,163248.234,0.0,173727.61,903829.0,0.0
2021-04 ,0.0,193615.814,30984.2,4855.384,13604.82,0.0,45518.33500000001,141519.82,0.0,1908.0,238912.73200000002,0.0,542113.0,6913.928,267895.0,0.0,0.0,661454.0,0.0,40213.527,14951.3,0.0,3713.293,735.7,0.0,235477.885,102.714,5094.122,119860.84400000001,22167.496,37355.0,23624.0,141082.724,0.0,164253.416,0.0,150902.21,833167.0,0.0
2021-05 ,0.0,182529.092,38231.5,6878.513999999999,14809.45,0.0,52977.816000000006,140652.585,0.0,1779.0,311530.867,0.0,582274.0,6375.948,289170.0,0.0,0.0,811207.0,0.0,50522.815,13620.900000000001,0.0,3755.379,599.9000000000001,0.0,224128.725,101.69200000000001,8876.402999999998,140946.419,26404.898,45384.0,23966.0,146057.362,0.0,178820.468,0.0,173167.07,843563.0,0.0
2021-06 ,0.0,211216.38199999998,39127.2,11191.961,18795.85,0.0,87574.463,144200.344,0.0,2338.0,435892.63399999996,0.0,725899.0,6285.508,328624.0,0.0,0.0,978710.0,0.0,73566.071,16883.800000000003,0.0,3620.371,740.9000000000001,0.0,285793.954,100.59,4783.206999999999,174544.37900000002,34277.261,70420.0,26857.0,169864.56900000002,0.0,198255.615,0.0,195784.56,896799.0,0.0
2021-07 ,0.0,259193.61200000002,45183.2,15844.608,26153.837,0.0,123460.595,150997.316,0.0,2465.0,569220.247,0.0,893923.0,6794.156000000001,364801.0,0.0,0.0,1105237.0,0.0,96802.608,19875.5,0.0,3059.1949999999997,833.5,0.0,379331.135,100.247,758.016,216229.054,32735.521999999997,99394.0,29406.0,194191.227,0.0,195407.686,0.0,212155.91999999998,976595.0,0.0
2021-08 ,0.0,316915.94299999997,52815.8,21669.61,32683.981999999996,0.0,152801.016,157851.91,0.0,2449.0,731373.327,0.0,1063530.0,10198.977,391851.0,0.0,0.0,1231961.0,0.0,118328.636,20424.1,0.0,2283.0950000000003,831.4,0.0,478597.578,97.723,735.943,254792.55299999999,32278.379,133247.0,30053.0,210365.23200000002,0.0,192562.419,0.0,215567.55,1083959.0,0.0
2021-09 ,0.0,379918.717,58804.5,27450.595999999998,35068.532999999996,0.0,190965.08299999998,164379.348,0.0,2349.0,860210.3,0.0,1239244.0,9209.116,413283.0,0.0,0.0,1317434.0,0.0,128388.52900000001,22881.5,0.0,2033.5240000000001,832.0,0.0,590905.9670000001,92.387,718.932,280202.15,27411.578,163628.0,30966.0,221285.249,0.0,209907.733,0.0,218391.46000000002,1188703.0,0.0
2021-10 ,0.0,381679.909,72887.2,31189.451,35119.647,0.0,221487.472,167679.70500000002,0.0,2244.0,914651.657,0.0,1363575.0,9800.684,405874.2,0.0,0.0,1354110.0,0.0,128356.359,24743.8,0.0,2331.268,431.20000000000005,0.0,643720.4199999999,91.884,701.774,285698.27800000005,28602.835999999996,178833.0,30814.0,223006.911,0.0,247620.023,0.0,220308.12,1235343.0,0.0
2021-11 ,0.0,358540.273,69249.09999999999,30150.15,33201.899,0.0,213833.936,165556.166,0.0,2361.0,838723.6070000001,0.0,1324278.0,11135.818,361384.6,0.0,0.0,1305470.0,0.0,117888.727,22526.3,0.0,2818.167,205.60000000000002,0.0,604975.566,95.648,683.3040000000001,280049.726,35363.53999999999,172317.0,24385.0,211705.601,0.0,257475.049,0.0,202623.93,1198210.0,0.0
2021-12 ,0.0,282708.002,54646.2,24449.237,27256.997,0.0,171011.834,162043.658,0.0,2577.0,664476.512,0.0,1131731.0,9934.170000000002,291049.6,0.0,0.0,1142541.0,0.0,99448.997,20716.7,0.0,3304.77,752.6,0.0,467855.922,92.952,3992.273,264302.05700000003,32574.576999999997,145754.0,17233.0,174679.36,0.0,229190.314,1220.6670000000001,170088.63,1083747.0,0.0
2022-01 ,0.0,198556.412,44717.399999999994,16731.048000000003,19366.816,0.0,116456.506,156919.327,0.0,2748.0,468255.731,0.0,860702.0,10264.326000000001,209531.59999999998,0.0,0.0,919280.0,0.0,72942.433,17274.1,0.0,3657.361,1124.4,0.0,327689.081,94.547,7206.33,221521.887,33268.452,110282.0,16815.0,148497.173,0.0,193178.702,2478.0830000000005,134766.38,929913.0,0.0
2022-02 ,0.0,139470.473,27618.699999999997,10754.98,11657.333999999999,0.0,72068.015,148502.032,0.0,2876.0,297276.79,0.0,629240.0,10157.667999999998,144594.4,0.0,0.0,717055.0,0.0,48184.708,13932.599999999999,0.0,3970.183,1570.4,0.0,263272.56299999997,99.366,7012.411,184347.074,35866.863,79526.0,20429.0,139183.424,0.0,161731.287,2170.255,124989.38,0.0,0.0
2022-03 ,0.0,107190.474,19833.199999999997,8082.727,8258.342,0.0,48287.895000000004,140286.063,0.0,3081.0,245564.36,0.0,531135.0,9010.096,108845.6,0.0,0.0,576413.0,0.0,48889.144,19467.7,0.0,4247.225,2442.8,0.0,233793.42,97.00999999999999,6810.298999999999,184419.522,34507.684,56253.0,19287.0,130019.62,0.0,160999.34600000002,1714.771,101980.22,0.0,0.0
2022-04 ,0.0,113038.591,20809.0,7553.737,7659.023,0.0,60042.827000000005,139136.039,0.0,2980.0,301311.109,0.0,584544.0,7531.581,100931.29999999999,0.0,0.0,558544.0,0.0,56375.588,21943.1,0.0,2178.941,2745.2000000000003,0.0,261416.456,94.46,6205.831,211908.63199999998,32826.963,49694.0,17727.0,133494.788,0.0,184741.731,1699.9009999999998,88672.01000000001,0.0,0.0
2022-05 ,0.0,182409.72100000002,30729.8,8716.304,8773.927,0.0,119495.122,149273.531,0.0,2983.0,439633.44999999995,0.0,790550.0,6061.177,129356.09999999999,0.0,0.0,698991.0,0.0,60466.687999999995,16473.1,0.0,2812.8230000000003,2631.1000000000004,0.0,362608.872,94.511,5208.059,252185.32100000003,36323.819,65668.0,21265.0,161555.65,0.0,218032.577,1846.857,131771.04,0.0,0.0
2022-06 ,0.0,274757.356,49488.7,12413.813,10837.501,0.0,179762.66700000002,162895.732,0.0,3248.0,582272.981,0.0,1027056.0,4732.627,179080.4,0.0,0.0,857542.0,0.0,68638.849,16976.6,0.0,2914.749,2658.1,0.0,499861.76200000005,94.809,3736.0739999999996,278966.902,41790.622,90631.0,23662.0,212973.467,0.0,238779.254,2345.657,186718.15,0.0,0.0
2022-07 ,0.0,347052.86699999997,60515.6,17913.335,15172.078,0.0,215616.961,171920.80099999998,0.0,3163.0,715132.836,0.0,1216886.0,5863.33,231961.6,0.0,0.0,1020393.0,0.0,78996.761,18715.5,0.0,2399.208,2703.2,0.0,635504.3470000001,98.154,3264.417,293902.67500000005,39674.481999999996,122899.0,26515.0,253545.702,0.0,252049.319,2793.739,239468.91999999998,0.0,0.0
2022-08 ,0.0,423804.687,69089.5,23728.648999999998,26129.093,0.0,236333.221,177722.456,0.0,3136.0,857520.834,0.0,1456451.0,8866.198999999999,292813.5,0.0,0.0,1189539.0,0.0,87018.85699999999,25005.6,0.0,4295.255,2811.7,0.0,759293.618,103.624,5300.846,313161.428,40130.602,160026.0,32145.0,284931.43799999997,0.0,265362.909,2725.178,278320.24,0.0,0.0
2022-09 ,0.0,517406.73799999995,77811.8,29743.983,32807.045,0.0,245832.02399999998,180121.84900000002,0.0,3514.0,946628.08,0.0,1698009.0,9620.119999999999,348544.1,0.0,0.0,1314464.0,0.0,90708.83,31653.699999999997,0.0,3943.1319999999996,3614.8999999999996,0.0,887695.077,102.864,4805.981,328283.81299999997,42515.835,192528.0,36254.0,314666.25,0.0,288493.02999999997,2726.7879999999996,299110.08,0.0,0.0
2022-10 ,0.0,610251.2509999999,84841.1,35896.733,34565.530999999995,0.0,262824.919,180843.98200000002,0.0,3603.0,990091.65,0.0,1855302.0,8662.863,402914.4,0.0,0.0,1402713.0,0.0,97628.584,30168.0,0.0,4025.094,4565.5,0.0,960166.407,101.12,6305.531999999999,335982.246,43376.376000000004,220422.0,39298.0,348563.46400000004,0.0,308581.948,2692.247,303236.78,0.0,0.0
2022-11 ,0.0,661399.6569999999,82277.3,39561.570999999996,36676.024999999994,0.0,270187.702,183364.33899999998,0.0,3466.0,993323.36,0.0,1926682.0,16308.298999999999,424231.30000000005,0.0,0.0,1405567.0,0.0,102018.006,29265.5,0.0,4046.8740000000003,5981.3,0.0,943689.397,98.32900000000001,7347.949,330061.58,43029.628,229776.0,42569.0,368837.44500000007,0.0,315935.24899999995,2386.71,357436.91000000003,0.0,0.0
2022-12 ,0.0,641314.37,69482.20000000001,37815.72,37543.361999999994,0.0,248772.749,182750.83299999998,0.0,4741.0,918349.863,0.0,1847970.0,18964.635000000002,385079.80000000005,0.0,0.0,1311101.0,0.0,92530.171,26449.2,0.0,3746.1430000000005,7107.700000000001,0.0,866338.24,91.628,5888.276,310463.659,44408.916,209989.0,44280.0,348255.455,0.0,314440.495,1842.067,417027.67000000004,0.0,0.0
2023-01 ,0.0,585419.473,114425.4,35563.921,35796.736000000004,0.0,215290.77899999998,0.0,0.0,0.0,756340.947,0.0,1578821.0,17347.58,324218.30000000005,0.0,0.0,2332080.4,0.0,81129.75,24961.2,0.0,3411.076,5482.0,0.0,755323.65,88.173,4835.084000000001,792475.9550000001,66325.622,173868.0,44280.0,320684.019,0.0,298126.703,1864.7710000000002,396145.39,0.0,0.0
2023-02 ,0.0,527580.0889999999,103316.7,34542.734000000004,33161.432,0.0,177911.99,0.0,0.0,0.0,545587.0430000001,0.0,1333402.0,12598.657,268451.1,0.0,0.0,2176423.3000000003,0.0,72349.283,19649.2,0.0,3282.992,3454.6,0.0,686708.1410000001,89.40299999999999,5506.113,749580.666,60239.103,132996.0,44280.0,306570.696,0.0,259833.673,2086.136,361857.36,0.0,0.0
2023-03 ,0.0,489274.73399999994,91365.3,33567.026,30713.256,0.0,146554.128,0.0,0.0,0.0,364558.88,0.0,1207105.0,11166.307,235918.4,0.0,0.0,2087001.6,0.0,62516.733,11464.7,0.0,3261.775,2005.4,0.0,640254.845,90.581,6651.303,708608.457,59864.204,106599.0,44965.0,292304.056,0.0,240641.814,1671.306,340773.15,0.0,0.0
2023-04 ,0.0,484268.549,90644.4,33679.92,29425.503,0.0,136143.218,0.0,0.0,0.0,340876.15499999997,0.0,1189629.0,10252.719000000001,718623.0,0.0,0.0,2126023.4000000004,0.0,63014.866,9703.1,0.0,3154.502,1131.3,0.0,632921.712,92.77000000000001,6103.42,682320.863,61060.509000000005,108455.0,46335.0,287037.892,0.0,264578.547,1590.57,335836.89,0.0,0.0
2023-05 ,0.0,516600.247,101772.9,94273.193,30768.222,0.0,161735.146,0.0,0.0,0.0,457591.99199999997,0.0,1284116.0,9048.514,748055.6,0.0,0.0,2246138.6,0.0,74965.022,11201.4,0.0,3026.592,1235.8999999999999,0.0,690285.219,89.133,6777.101000000001,684128.679,61453.721999999994,130631.0,49797.0,301885.35,0.0,285139.245,1564.585,354126.22,0.0,0.0
2023-06 ,0.0,565408.645,110621.4,96382.813,34205.772,0.0,208804.222,0.0,0.0,0.0,575855.769,0.0,1402282.0,6509.522999999999,796061.7,0.0,0.0,2369538.2,0.0,93082.23800000001,12894.6,0.0,2375.4269999999997,1181.6,0.0,782305.071,82.288,5723.975,712846.156,58761.195,157104.0,52878.0,330765.887,0.0,276125.05799999996,1343.5230000000001,376598.35,0.0,0.0
2023-07 ,0.0,609678.269,117402.29999999999,96864.296,36759.457,0.0,240051.95,0.0,0.0,0.0,699247.7119999999,0.0,1514700.0,8253.927,854121.3,0.0,0.0,2463769.2,0.0,110719.803,16722.1,0.0,4089.218,1245.6,0.0,885933.173,82.214,3698.212,763804.989,54313.089,180844.0,54438.0,361163.30999999994,0.0,271639.40300000005,1164.486,391132.18,0.0,0.0
2023-08 ,0.0,648944.2790000001,126761.4,98224.389,37484.623,0.0,255509.061,0.0,0.0,0.0,847972.52,0.0,1638490.0,11045.443,917379.2,0.0,0.0,2546074.7,0.0,128180.315,21947.5,0.0,3477.557,1585.6,0.0,972332.897,82.327,6726.874000000001,811393.688,59284.64600000001,206580.0,56759.0,386321.976,0.0,574573.806,1179.717,404891.73,0.0,0.0
2023-09 ,0.0,1096721.724,130967.7,100115.083,40318.583,0.0,265208.172,0.0,0.0,0.0,934576.7150000001,0.0,1718938.0,8920.2,968287.1,0.0,0.0,2613326.7,0.0,145562.94199999998,24639.9,0.0,2986.149,1683.4,0.0,1011359.1359999999,82.166,8304.049,847055.1919999999,60703.081000000006,232066.0,59041.0,398632.45,0.0,0.0,1375.414,420997.722,0.0,0.0
2023-10 ,0.0,1121238.391,134228.8,101001.079,40396.58899999999,0.0,272640.64,0.0,0.0,0.0,979395.8319999999,0.0,1778687.0,9718.095,996797.5,0.0,0.0,2663531.1,0.0,156475.95500000002,24566.7,0.0,2854.754,1576.9,0.0,1029141.525,82.508,6273.916,0.0,61171.447,250317.0,60030.0,402307.69200000004,0.0,0.0,1584.041,426005.837,0.0,0.0
2023-11 ,0.0,1129615.2310000001,133530.8,99737.624,36413.917,0.0,269659.45700000005,0.0,0.0,0.0,992218.4199999999,0.0,1789424.0,8908.695,997104.0,0.0,0.0,2652583.1,0.0,154235.749,26283.5,0.0,3163.495,1566.0,0.0,1020105.087,83.452,7119.367,0.0,64129.775,249750.0,59878.0,394893.073,0.0,0.0,1967.6659999999997,421442.996,0.0,0.0
2023-12 ,0.0,1106538.654,128716.29999999999,96372.79000000001,31310.255999999998,0.0,254074.38400000002,68733.25200000001,0.0,0.0,913250.5900000001,0.0,1709721.0,6603.084,968707.8999999999,0.0,0.0,2528362.4,0.0,140305.818,22979.1,0.0,3715.4840000000004,1508.3,0.0,936099.3500000001,82.54400000000001,6850.7880000000005,0.0,41760.051999999996,225286.0,57519.0,369572.55700000003,0.0,0.0,2638.62,423669.961,0.0,0.0
2024-01 ,0.0,1051647.029,116247.8,91440.133,25917.648,0.0,221902.339,175655.948,0.0,10045.0,730604.852,0.0,1509153.0,7385.009,919075.5,0.0,0.0,2319881.2,0.0,117182.734,14968.6,0.0,4070.1040000000003,1598.0949999999998,0.0,790132.462,0.0,7679.87,0.0,43147.471999999994,0.0,52079.0,344725.663,0.0,544666.588,2912.708,419086.211,0.0,0.0
2024-02 ,0.0,998585.855,104569.9,58817.01,11409.476,0.0,98983.906,167101.863,0.0,10174.0,533576.639,0.0,0.0,8424.501,0.0,0.0,0.0,480734.5,0.0,95709.43,12376.9,0.0,4266.265,0.0,0.0,670471.802,0.0,0.0,0.0,23057.0,0.0,0.0,332347.234,0.0,0.0,2934.852,415989.17299999995,0.0,0.0
