date,Austria,Belgium,Bulgaria,Switzerland,Czech Republic,Germany,Denmark,Estonia,Spain,Finland,France,Great Britain,Greece,Croatia,Hungary,Ireland,Italy,Lithuania,Luxembourg,Latvia,Netherlands,Norway,Poland,Portugal,Romania,Sweden,Slovenia,Slovakia
2008-01-01,-0.2610309139784946,4.902952956989247,-1.3040147849462367,0.1306572580645161,-0.021564516129032263,2.4806733870967745,3.4690147849462365,-1.9359543010752687,8.9842688172043,-3.4393051075268817,5.11972311827957,6.011954301075269,6.982849462365591,2.254383064516129,-0.6066209677419355,6.589485215053764,6.102944892473118,-2.6074905913978492,2.4652567204301077,-2.2276639784946237,5.397701612903226,-1.9017983870967743,-0.23131854838709678,11.353680107526882,-2.5891424731182795,0.49925806451612903,1.1261639784946236,-1.549181451612903
2008-02-01,1.0936465517241378,4.1886508620689655,1.8630991379310347,1.2473893678160919,1.5465675287356322,2.9541063218390806,3.959297413793103,0.22231752873563218,9.783679597701148,-2.716021551724138,5.396469827586206,4.89701724137931,7.864877873563218,4.023852011494253,2.621359195402299,6.231186781609195,6.2383405172413795,0.5679856321839081,2.593573275862069,0.6357126436781609,4.541244252873564,-0.7227988505747126,1.9237155172413793,11.788462643678162,1.3005718390804597,1.1508548850574714,2.0915977011494253,0.7630761494252873
2008-03-01,2.5097002688172045,5.407650537634408,6.973787634408602,1.4907352150537634,2.7149018817204302,3.7269663978494623,3.340170698924731,-0.3954032258064516,10.627724462365592,-3.157595430107527,6.145522849462366,5.284884408602151,12.002952956989247,6.387065860215054,5.605260752688173,5.923872311827957,8.69238440860215,1.1927849462365592,3.6527526881720433,0.5915094086021505,5.466979838709677,-1.9319260752688172,2.9951155913978496,11.794797043010753,5.9042419354838716,0.2417513440860215,4.021850806451613,3.010513440860215
2008-04-01,7.2445055555555555,8.051208333333333,11.177686111111111,5.5858791666666665,7.692891666666666,7.323924999999999,6.8602625,5.613794444444444,13.448102777777779,3.6870041666666666,8.910909722222222,7.208097222222222,14.400559722222223,10.958330555555555,11.200966666666666,7.3743,11.850402777777779,7.635833333333333,6.8805555555555555,6.810122222222222,8.165833333333333,3.177184722222222,8.297605555555556,14.265118055555556,10.863859722222223,5.474919444444445,8.824198611111111,8.911325000000001
2008-05-01,13.384868279569893,15.051100806451613,15.680344086021504,13.010025537634409,13.45754435483871,14.350442204301075,12.41192741935484,9.816979838709678,15.624686827956989,8.752728494623655,15.126436827956988,12.47671505376344,19.06158870967742,16.42876075268817,16.980103494623656,12.116134408602152,16.912180107526883,11.316243279569893,14.323444892473118,10.489831989247312,14.581918010752688,8.819177419354839,13.324819892473117,15.140717741935482,15.553001344086022,10.864529569892474,14.527459677419355,14.177780913978495
2008-06-01,17.424123611111114,15.80626111111111,20.928805555555556,15.63782638888889,17.8212875,17.027597222222223,14.745145833333332,14.047799999999999,20.258316666666666,13.197355555555555,16.877263888888887,13.916744444444445,24.454754166666664,20.574369444444446,21.300269444444442,13.0458125,21.26557638888889,15.008397222222223,16.111475000000002,14.491373611111111,16.165452777777777,12.1750625,18.085215277777777,19.24724722222222,20.6299125,14.557808333333332,18.451179166666666,18.65905972222222
2008-07-01,17.828978494623655,17.469521505376346,22.699575268817206,16.63227956989247,18.81093817204301,18.353630376344086,17.426725806451614,17.1218561827957,23.293006720430107,15.868698924731182,18.688692204301077,16.011068548387097,26.61727822580645,22.28337365591398,21.85008198924731,14.803172043010752,23.935732526881722,17.366202956989248,17.599766129032258,17.27964247311828,17.877264784946234,15.489556451612902,19.397538978494623,20.727237903225806,21.976352150537636,17.47911559139785,19.809103494623656,19.00572311827957
2008-08-01,17.732397849462366,17.110603494623657,24.179551075268815,16.404092741935486,18.57624865591398,17.83166801075269,16.904994623655917,16.046397849462366,23.831864247311827,13.828443548387096,18.58673387096774,15.90831317204301,27.050912634408604,22.609591397849464,22.152759408602147,14.962080645161292,24.525827956989247,17.182565860215053,16.983288978494624,16.84056989247312,17.538666666666668,13.09572311827957,19.041543010752687,20.606978494623657,23.47539247311828,15.301504032258064,19.876848118279568,19.083375
2008-09-01,12.00746388888889,13.008895833333334,16.795443055555555,11.170997222222223,12.573791666666665,12.711908333333334,13.411545833333333,10.704759722222223,19.82197222222222,8.837630555555556,14.179768055555558,13.084331944444443,21.70951388888889,15.834294444444444,15.539940277777777,12.62797638888889,18.828819444444445,11.438441666666666,11.876413888888889,11.180781944444444,13.904969444444443,9.408758333333333,12.986650000000001,19.15635138888889,15.6444375,10.995631944444444,13.601025,12.97555138888889
2008-10-01,9.22271370967742,9.652599462365592,12.465004032258063,8.412745967741936,8.55746370967742,8.984201612903226,9.89378494623656,8.576862903225805,15.430731182795698,6.5754946236559135,10.968837365591398,9.378002688172044,17.355926075268815,13.14927688172043,11.966888440860215,9.557911290322581,15.735498655913977,7.924639784946236,8.43694758064516,8.209854838709678,10.22561559139785,5.166459677419355,9.18740322580645,15.923755376344085,11.85250940860215,7.588088709677419,11.187763440860214,9.496620967741935
2008-11-01,3.4729083333333337,6.038656944444444,6.840627777777779,2.1349430555555555,3.943563888888889,4.514638888888888,5.9956708333333335,2.7114180555555554,9.357658333333333,0.4552875,6.696325000000001,6.625211111111112,13.540715277777778,7.333881944444445,5.6996513888888884,7.564109722222222,10.015147222222222,2.143686111111111,4.388481944444444,2.283704166666667,6.773816666666667,0.2046402777777778,4.3503,11.072698611111111,5.110234722222223,2.0768,5.0521666666666665,4.210994444444444
2008-12-01,-1.6176881720430107,1.462279569892473,2.2297997311827955,-2.896647849462365,-0.6749327956989247,-0.1396787634408602,2.637704301075269,-1.2750631720430108,7.184041666666666,-2.4036612903225807,2.3148252688172044,3.2941586021505374,9.366831989247311,2.9097419354838707,1.3496075268817203,5.070271505376344,5.5220295698924735,-2.0571922043010753,-0.20336021505376342,-1.7835107526881722,2.2001236559139787,-3.4634327956989246,-0.21693951612903226,9.649309139784947,1.0756626344086022,-1.0615739247311828,0.0981774193548387,-0.5120282258064516
2009-01-01,-4.884811827956989,-1.1499650537634407,-0.30518817204301074,-4.298504032258064,-5.0931223118279565,-2.9828588709677417,0.5196881720430108,-3.8392513440860214,6.691702956989248,-7.094711021505376,0.8017311827956989,2.5956129032258066,8.469787634408602,-1.473116935483871,-2.9545040322580642,4.6038749999999995,4.444231182795699,-5.649740591397849,-2.946758064516129,-4.4222956989247315,-0.06847983870967743,-3.8480295698924736,-4.244729838709677,9.200247311827958,-1.9712352150537633,-3.096948924731183,-3.628631720430107,-4.853569892473119
2009-02-01,-2.912620535714286,1.9328601190476191,0.4840833333333333,-2.7296607142857146,-2.2043511904761908,-0.1989017857142857,0.19698065476190477,-5.975703869047619,7.9361145833333335,-8.259934523809525,2.8612604166666666,3.3901383928571427,7.133510416666667,1.7462232142857144,-0.12389583333333333,4.799956845238095,4.60859375,-5.879815476190476,0.23373958333333333,-6.060263392857142,2.363561011904762,-6.282717261904762,-2.1186473214285715,10.188278273809525,-0.30826785714285715,-4.614928571428571,-0.27720089285714283,-2.528497023809524
2009-03-01,1.418391129032258,5.436522849462365,4.177780913978494,1.20475,2.413708333333333,3.6206639784946235,3.35992876344086,-2.0918145161290322,10.834810483870967,-4.008540322580645,6.143779569892473,6.025138440860216,9.725256720430108,5.8353427419354835,4.501572580645162,6.637147849462365,8.233443548387097,-0.7388991935483871,3.734872311827957,-1.6105591397849464,5.59866935483871,-1.4510618279569891,1.8965860215053763,12.941862903225806,3.658008064516129,-0.21779838709677418,3.8751599462365593,1.9605940860215054
2009-04-01,10.285595833333334,11.151820833333334,10.17792361111111,8.8788375,11.114186111111112,11.33262361111111,8.63844861111111,4.0601569444444445,12.043819444444443,2.3576083333333333,10.879893055555556,9.201040277777777,13.435904166666667,13.16672361111111,14.032516666666668,8.612783333333333,12.810116666666666,7.24599861111111,10.695366666666667,6.075890277777777,11.267972222222221,4.745320833333333,10.316506944444445,12.231911111111112,11.183144444444444,6.480020833333333,11.167043055555554,11.733308333333333
2009-05-01,13.641971774193548,13.505861559139786,16.4631438172043,13.666369623655914,13.271348118279569,13.672022849462367,11.351022849462366,10.283721774193548,17.577611559139786,9.858430107526882,14.726215053763442,11.46259677419355,19.46477553763441,17.484032258064516,17.198771505376346,10.620103494623656,18.42204435483871,11.790444892473118,13.463451612903228,11.127823924731183,13.29169623655914,8.494005376344086,13.165920698924731,16.49943010752688,16.52281182795699,10.381885752688172,15.405934139784945,14.120309139784947
2009-06-01,15.193683333333333,15.521262499999999,20.922266666666665,14.705433333333334,15.340752777777778,15.183215277777778,13.880431944444444,13.639690277777778,22.03791388888889,13.107854166666668,17.227456944444445,14.416080555555554,23.733219444444448,18.925865277777778,19.424904166666668,13.992820833333333,20.646643055555558,14.625752777777777,15.288201388888888,14.15943888888889,15.4586125,11.742219444444443,15.82245138888889,20.15357638888889,20.628170833333332,13.242268055555558,16.784972222222223,16.5848875
2009-07-01,18.184809139784946,17.793432795698926,22.965590053763442,17.22180376344086,18.623952956989246,18.378024193548388,17.653009408602152,17.145356182795698,24.404271505376343,16.052616935483872,19.427497311827956,15.731858870967743,26.818092741935484,22.576754032258062,23.23038575268817,14.557543010752688,24.10081048387097,17.803889784946236,17.951315860215054,17.51384811827957,17.981872311827956,14.624495967741936,19.574065860215054,20.32781182795699,22.997657258064518,16.74844489247312,19.796004032258065,20.267943548387098
2009-08-01,18.697059139784944,18.361560483870967,22.361802419354838,18.41568951612903,19.184540322580645,19.19282258064516,17.386182795698925,16.49806048387097,24.853630376344086,15.548075268817204,20.547088709677418,16.369227150537633,25.686737903225808,23.230940860215053,22.99239247311828,14.78596505376344,25.463451612903228,16.180877688172043,19.024591397849463,16.153150537634406,18.722071236559138,13.784583333333332,19.060346774193548,22.02197580645161,22.327939516129035,16.302737903225804,20.626834677419353,19.966470430107528
2009-09-01,14.803856944444444,15.186040277777778,17.46426388888889,14.054326388888889,15.646130555555555,15.197141666666665,14.45309861111111,13.704711111111111,20.58903611111111,11.794181944444444,16.48759722222222,13.7626375,21.592631944444445,19.15016388888889,19.25367222222222,12.717001388888889,20.573568055555555,13.575284722222221,14.759704166666666,13.64483611111111,15.649527777777777,10.080974999999999,15.586077777777778,20.547970833333334,18.036483333333333,12.80522638888889,16.418495833333335,16.409144444444447
2009-10-01,7.318536290322581,10.411724462365592,12.296344086021504,7.854345430107527,6.955758064516129,8.03425,8.008434139784946,4.89734811827957,17.540092741935485,1.6494381720430107,11.833711021505378,10.982056451612904,17.82239112903226,11.665075268817205,10.689836021505377,11.57201075268817,14.19421639784946,4.462256720430108,8.609176075268817,4.654643817204301,10.714470430107527,2.5100685483870966,6.606774193548387,18.323478494623654,11.055418010752687,4.594233870967742,9.577092741935484,7.76348252688172
2009-11-01,4.422119444444444,8.338808333333333,7.888818055555555,4.617918055555555,4.611518055555556,6.551423611111111,7.001141666666667,1.5962486111111112,12.42652638888889,-0.08239444444444444,9.029320833333333,8.133879166666667,13.675650000000001,7.783834722222222,5.9938569444444445,7.953666666666667,10.2396625,2.345372222222222,6.839381944444444,2.267190277777778,8.803877777777778,0.9413361111111112,4.5489291666666665,13.898593055555555,6.381163888888889,3.9110263888888888,5.787931944444444,4.110061111111111
2009-12-01,-2.0195860215053765,1.3251182795698926,2.559239247311828,-2.159434139784946,-1.8663010752688172,-0.3614583333333333,0.9242325268817204,-4.628231182795699,8.303295698924732,-7.79316935483871,3.0760604838709678,3.1260255376344084,11.142079301075269,2.4659032258064517,0.47609543010752686,4.097260752688173,5.443491935483871,-4.253829301075269,0.27906317204301073,-4.193126344086021,1.861755376344086,-6.2940134408602155,-1.983034946236559,10.70666935483871,-0.45660483870967744,-3.7997217741935483,0.08217204301075268,-1.4158790322580646
2010-01-01,-5.967520161290323,-1.747489247311828,-1.475829301075269,-4.828362903225806,-7.422842741935484,-5.2472150537634406,-3.650116935483871,-12.55083870967742,6.707032258064516,-13.998189516129033,-0.014983870967741947,0.8516989247311828,7.677909946236559,-1.3517405913978495,-3.4346411290322583,2.7555873655913983,3.2810833333333336,-13.647461021505375,-3.474741935483871,-13.934915322580645,-1.6307607526881722,-9.771981182795699,-10.38509811827957,9.630548387096773,-4.291180107526881,-9.257357526881721,-4.5436384408602155,-5.80880376344086
2010-02-01,-3.458424107142857,0.7834970238095238,1.1183392857142858,-2.6848318452380955,-4.174697916666666,-2.081191964285714,-2.9249925595238095,-9.530465773809524,7.388059523809524,-11.95328125,2.405052083333333,2.0223660714285714,9.164544642857143,0.6742633928571429,-0.9416800595238095,2.860732142857143,5.013787202380952,-6.797031249999999,-0.6247470238095237,-7.967552083333333,0.3612886904761905,-8.739456845238095,-4.19721875,9.665910714285715,-1.2006354166666666,-7.352162202380953,-1.6158377976190477,-3.037758928571429
2010-03-01,1.9098185483870966,5.038647849462365,4.443197580645161,1.4352258064516128,2.0336895161290323,3.465123655913979,1.8922190860215053,-3.2111209677419357,9.290856182795698,-5.12548252688172,5.5605819892473125,4.9914381720430105,10.519057795698926,5.40472311827957,4.747040322580645,5.250143817204301,7.75647311827957,-1.398513440860215,3.698606182795699,-2.496788978494624,5.145856182795699,-2.487899193548387,2.2041720430107525,11.172442204301076,3.3558575268817203,-1.9806975806451612,3.349514784946237,2.229518817204301
2010-04-01,7.432894444444445,8.6277,10.034820833333333,7.3258375000000004,7.5186777777777785,8.087802777777778,6.246672222222222,3.8836819444444446,13.324276388888888,2.5776208333333335,10.043895833333332,8.000994444444444,14.309830555555555,10.72337361111111,10.660677777777778,8.166643055555555,12.202006944444443,6.276411111111111,8.050215277777777,5.267748611111111,8.560819444444444,2.429538888888889,7.891799999999999,14.540140277777777,9.990372222222222,4.459454166666666,8.88915,8.243441666666667
2010-05-01,11.352997311827956,10.520005376344086,15.658967741935484,9.529869623655914,11.507358870967742,10.413700268817204,9.278,10.76897311827957,15.320504032258064,10.189380376344086,12.021450268817205,10.146120967741936,19.403111559139788,14.892048387096773,15.525010752688173,10.406299731182797,15.596712365591397,12.952385752688173,10.476729838709677,12.233729838709678,10.210665322580645,6.872415322580645,12.342266129032259,15.67059005376344,15.706225806451615,9.469025537634408,12.94875,13.227913978494623
2010-06-01,16.006029166666668,16.335976388888888,19.618116666666666,15.054872222222222,16.205465277777776,16.485979166666667,14.029345833333334,13.846254166666666,19.872622222222223,13.02565,17.226169444444444,14.763181944444444,23.439322222222224,19.22526388888889,19.118602777777777,14.464165277777779,20.350965277777778,15.88215,16.524818055555556,15.102994444444446,15.947763888888888,11.038244444444445,16.807819444444444,18.938694444444444,19.860451388888887,13.720706944444444,17.674430555555556,16.87473472222222
2010-07-01,19.718666666666667,19.58265188172043,21.934245967741933,18.663196236559138,20.38690188172043,20.789888440860214,18.838815860215053,21.67020430107527,24.721239247311825,20.09198924731183,20.728614247311828,16.535030913978495,26.52665456989247,22.992959677419353,22.98172446236559,14.975,24.69677822580645,21.240454301075268,20.19360483870968,21.47493548387097,19.516639784946236,14.564868279569893,21.04738575268817,22.4089502688172,22.204556451612902,18.650024193548386,21.42391129032258,20.51439112903226
2010-08-01,16.99161559139785,16.80084677419355,24.697904569892476,15.541282258064516,17.38901209677419,17.05941801075269,16.65444623655914,18.689783602150538,24.24556317204301,16.12823252688172,18.48646370967742,15.04390188172043,28.20781182795699,21.548056451612904,21.299505376344086,13.973971774193549,23.069049731182794,19.060822580645162,16.974521505376345,19.028801075268817,17.05838306451613,13.580459677419354,19.145595430107527,23.085131720430105,23.642040322580645,15.992375,18.924005376344084,18.510783602150536
2010-09-01,11.637915277777779,13.593130555555556,18.05042638888889,11.761944444444445,11.565026388888889,12.461293055555554,12.844077777777779,11.887358333333331,20.603787500000003,10.431630555555556,15.151216666666667,13.39009861111111,22.644468055555556,15.583591666666667,14.615088888888888,13.268277777777778,18.727755555555557,11.183563888888889,12.547680555555555,11.45734861111111,13.732927777777778,9.145490277777778,12.189218055555555,20.296194444444446,16.404743055555553,11.121102777777779,13.28089722222222,12.201673611111111
2010-10-01,6.021528225806452,9.795495967741935,9.306907258064516,7.355017473118279,5.621499999999999,7.8334314516129036,8.658525537634409,5.045231182795699,15.169810483870968,3.8639166666666664,10.871805107526882,9.87949059139785,16.351370967741936,9.405452956989247,7.6405672043010755,10.334684139784946,13.510564516129033,3.9917096774193546,8.010028225806453,4.485228494623656,10.436620967741936,4.280665322580645,5.32657123655914,15.973413978494623,7.7265766129032265,5.523560483870968,7.36514247311828,5.529127688172044
2010-11-01,3.913518055555556,5.439315277777777,10.852965277777779,2.257001388888889,4.3618347222222225,4.068772222222222,3.3398763888888885,0.18108333333333332,10.046140277777777,-4.503829166666667,6.299541666666666,5.1137958333333335,15.489115277777778,8.367230555555555,6.9498625,6.027393055555556,9.935626388888888,2.6013305555555557,4.450380555555555,1.8103527777777777,5.4183125,-4.798813888888889,4.630504166666667,12.139518055555556,8.855295833333333,-1.1065680555555557,6.069325,5.2174652777777775
2010-12-01,-5.010463709677419,-2.1916129032258063,1.826385752688172,-3.984258064516129,-7.039432795698924,-5.009638440860215,-3.684739247311828,-7.79110752688172,7.584655913978495,-12.517075268817203,0.20871505376344085,-0.023483870967741943,10.12828629032258,0.4856814516129032,-2.698712365591398,1.7706747311827957,4.09875,-9.08380376344086,-4.370543010752688,-8.05043682795699,-1.4419986559139786,-9.899877688172044,-7.560474462365592,10.143727150537634,-1.2508400537634408,-9.385922043010753,-1.7375967741935483,-5.451630376344086
2011-01-01,-2.2988884408602153,2.0199354838709676,-0.1146747311827957,-1.9591102150537634,-2.692051075268817,-0.45254435483870964,-0.21331854838709677,-5.147264784946237,7.420376344086022,-8.374864247311828,2.9624301075268815,2.8502876344086023,8.051635752688172,0.9859932795698924,-1.444747311827957,3.5987836021505375,4.427970430107527,-5.482501344086022,0.1369731182795699,-5.010534946236559,2.200547043010753,-4.540814516129032,-2.6768521505376346,9.814797043010753,-2.5865618279569893,-4.386052419354838,-0.7319475806451612,-2.9214865591397854
2011-02-01,-1.7020788690476192,3.848123511904762,-0.30417261904761905,0.7341369047619049,-2.9602113095238094,0.3777574404761904,-0.6445788690476191,-11.058584821428571,8.760988095238096,-14.042694940476192,4.914412202380952,5.452177083333333,8.046303571428572,0.714498511904762,-1.4347127976190475,6.679302083333333,5.85728125,-9.209873511904762,1.5762321428571429,-10.639651785714285,3.4227113095238093,-6.30842261904762,-4.087791666666667,10.552220238095238,-2.8249583333333335,-5.527465773809523,-0.6329568452380953,-3.1911383928571433
2011-03-01,3.1635645161290324,5.861021505376344,4.178674731182796,3.8771451612903225,3.0881612903225806,4.326501344086021,2.0095887096774194,-2.796271505376344,10.021952956989248,-3.9805282258064514,7.301366935483871,5.89142876344086,9.464079301075268,5.533235215053764,4.9084018817204305,6.3015846774193545,8.209154569892473,-1.3402352150537635,5.244424731182796,-2.507165322580645,5.401185483870968,-2.179220430107527,2.176844086021505,11.49145564516129,3.36664247311828,-0.4496317204301075,3.9232459677419356,2.9680241935483873
2011-04-01,9.681165277777778,12.259241666666668,8.398373611111111,10.05958888888889,9.873831944444444,11.085909722222222,8.70571111111111,3.8126916666666664,15.105711111111109,3.729027777777778,12.728831944444444,10.713856944444444,12.453541666666666,12.323147222222222,12.091831944444445,10.353218055555555,13.555788888888888,7.313334722222222,11.376234722222222,5.857969444444445,11.821970833333333,5.523559722222222,9.55515,16.0024375,9.183808333333333,7.171655555555555,10.796229166666667,9.958145833333333
2011-05-01,13.261748655913978,13.60674059139785,14.945032258064515,13.37891935483871,13.156221774193547,13.644862903225807,11.025908602150537,9.516704301075269,17.821053763440858,8.895672043010753,15.18103629032258,11.38634946236559,17.616047043010752,15.92241129032258,16.389682795698924,10.718721774193549,17.155767473118278,11.91306989247312,13.63101612903226,10.945073924731183,13.428885752688172,7.897579301075269,13.499649193548386,18.16844892473118,15.534745967741936,10.012205645161291,14.393262096774192,13.895072580645161
2011-06-01,16.57282638888889,16.06437361111111,19.911849999999998,15.220820833333333,17.440079166666667,16.75579861111111,15.2153875,16.24508611111111,20.748791666666666,15.710452777777778,17.11005972222222,13.583533333333333,23.200213888888886,20.605804166666665,20.755972222222223,12.04062361111111,20.94163888888889,17.099102777777777,16.515908333333332,16.798444444444442,16.053625,12.751419444444446,18.067191666666666,19.264523611111112,20.190099999999997,15.516016666666665,18.213941666666667,17.844218055555555
2011-07-01,16.77991129032258,15.906353494623655,23.46038172043011,14.92407123655914,17.217345430107528,16.551755376344087,16.889897849462365,20.274307795698924,22.851284946236557,19.326262096774194,17.515372311827957,14.97732123655914,27.167473118279567,22.345173387096775,21.598427419354838,14.196391129032257,22.65456451612903,19.330077956989246,16.13732795698925,19.74849059139785,16.099323924731184,14.882587365591398,18.0411438172043,20.174759408602153,22.42795564516129,17.719431451612902,19.250443548387096,18.111025537634408
2011-08-01,19.103940860215054,17.10305241935484,22.495533602150537,18.039104838709676,18.763237903225807,18.057991935483873,16.315845430107526,17.43016935483871,24.236440860215055,15.965556451612903,19.345943548387098,15.077456989247313,26.305873655913977,23.605510752688172,23.09548790322581,13.577862903225807,24.81381586021505,16.951877688172043,17.728068548387096,16.93188440860215,17.072801075268817,13.520979838709678,18.62283870967742,21.013006720430106,22.13509005376344,16.014380376344086,21.33602956989247,19.686258064516128
2011-09-01,15.899490277777778,15.916336111111113,20.57915,15.163844444444445,15.670958333333333,15.554795833333333,14.200316666666666,13.537970833333333,21.751479166666666,11.896070833333333,17.646584722222222,14.4022,24.01464166666667,20.766734722222225,20.112109722222222,13.331652777777778,22.108304166666667,12.922043055555555,15.764091666666667,13.034469444444444,15.846897222222221,10.650234722222223,15.398756944444443,20.17203472222222,19.860705555555555,12.91720138888889,18.117805555555556,16.698668055555554
2011-10-01,7.646236559139785,11.120358870967742,9.855017473118279,8.48260752688172,8.071006720430107,9.337443548387096,9.919111559139786,8.065555107526881,17.660573924731185,6.286700268817205,12.716181451612902,11.84546505376344,15.442991935483871,11.1939623655914,10.35213440860215,11.586384408602152,14.560629032258065,6.6490053763440855,9.449513440860215,7.392345430107526,11.309948924731184,5.9061532258064515,8.370095430107526,18.775209677419355,9.383944892473117,7.600586021505377,8.946641129032258,8.017318548387097
2011-11-01,2.5829625,7.319651388888889,3.149752777777778,5.206216666666667,1.7161777777777776,4.411877777777778,6.458338888888889,4.3771,12.434595833333333,2.769505555555556,9.1852875,9.086863888888889,10.001970833333333,4.302583333333334,2.0935152777777777,9.728169444444445,10.100152777777778,2.4815694444444443,5.318680555555555,3.5164875,7.253181944444445,3.375334722222222,2.211370833333333,12.917715277777777,2.1217875,4.615341666666667,2.991865277777778,1.1277555555555556
2011-12-01,0.15198521505376344,5.0705188172043005,2.1313279569892476,0.5164811827956989,0.542760752688172,2.9730658602150535,3.821622311827957,1.5733548387096774,8.58596370967742,-0.25238978494623654,6.041284946236559,5.404905913978495,9.294487903225807,3.898295698924731,1.2236397849462366,6.1663239247311825,6.655989247311828,0.45978763440860215,3.360614247311828,0.9237620967741935,5.549954301075269,-1.7181720430107525,1.0671653225806452,10.420280913978495,1.219,0.838141129032258,2.194270161290323,-0.6674260752688173
2012-01-01,-2.05627688172043,3.9023978494623655,-3.339913978494624,-1.1714327956989248,-1.5963252688172043,1.2908467741935483,1.7507002688172042,-5.664903225806452,7.7969072580645165,-8.559497311827956,4.461728494623656,4.675221774193548,5.202486559139785,1.32409811827957,-0.6782392473118279,6.414969086021506,4.48866935483871,-5.160225806451613,2.1007674731182795,-5.20358064516129,4.071620967741936,-4.865649193548387,-2.4310174731182794,9.467791666666667,-3.513635752688172,-2.970702956989247,-0.7513360215053764,-3.335024193548387
2012-02-01,-5.970712643678161,-0.6847729885057471,-4.369939655172414,-6.1149669540229885,-6.4480114942528735,-3.0077040229885057,-1.1309080459770116,-10.025755747126437,5.773813218390805,-10.557754310344828,-0.07429310344827586,3.4154540229885058,6.205070402298851,-2.8534827586206895,-4.418524425287356,6.45644540229885,2.8401278735632185,-10.559603448275862,-3.0975962643678163,-10.861436781609196,0.12792959770114942,-4.40524856321839,-7.169002873563219,8.317352011494254,-7.520349137931034,-4.6437658045977015,-3.878030172413793,-7.450890804597701
2012-03-01,5.111393817204301,7.471736559139784,5.119302419354839,5.075471774193548,4.5763602150537634,6.3246034946236565,4.708130376344086,-1.281733870967742,11.049427419354839,-2.359189516129032,8.47166935483871,7.548125000000001,10.28210752688172,8.081233870967742,6.589029569892474,8.134782258064517,10.742600806451613,0.6161854838709677,6.552791666666667,-0.32188440860215056,7.296228494623656,1.7740067204301078,3.6677163978494622,12.768057795698924,4.237485215053764,2.5682083333333336,6.870220430107527,3.8306451612903225
2012-04-01,7.489161111111111,7.732218055555555,11.366052777777778,6.2016583333333335,7.651509722222223,7.628775,5.702466666666666,3.644455555555555,11.712222222222222,1.6907166666666666,8.650463888888888,6.724029166666667,14.643587499999999,11.085286111111111,11.560781944444445,6.8094833333333336,11.888847222222221,6.2950736111111105,7.049186111111111,5.070877777777778,7.868706944444445,1.698351388888889,8.335422222222222,11.991376388888888,11.804529166666667,3.5846666666666667,8.854447222222223,8.972670833333334
2012-05-01,13.620096774193549,13.65742069892473,15.77607258064516,12.159575268817205,14.634689516129033,14.038319892473119,11.550237903225806,10.351814516129032,17.827518817204304,9.098920698924731,14.354217741935484,11.224803763440862,19.09432392473118,16.119336021505376,17.61611559139785,10.450981182795699,16.46674193548387,12.525301075268818,13.70450134408602,11.421380376344086,13.627474462365592,7.720288978494624,14.753623655913978,16.70818817204301,16.954201612903226,10.323708333333332,14.385029569892472,15.347748655913978
2012-06-01,17.64267638888889,15.119877777777777,22.21561527777778,16.03278333333333,17.544769444444444,15.742437500000001,13.143931944444443,13.129058333333335,22.30332361111111,12.571562499999999,17.10853611111111,13.20452361111111,25.278184722222225,22.053725,22.141969444444445,12.62612361111111,22.824376388888886,14.512477777777779,14.974141666666666,13.68637638888889,14.727295833333333,10.267808333333333,17.035880555555558,19.056806944444443,22.27641388888889,12.482359722222224,19.7315,18.863979166666667
2012-07-01,18.874271505376345,16.86582123655914,26.466091397849464,16.515423387096774,19.683995967741936,17.607206989247313,16.205110215053764,17.69877822580645,23.583301075268814,16.64076747311828,18.382583333333333,14.880870967741936,28.84321639784946,24.887727150537636,25.028439516129033,13.920118279569891,25.278857526881723,18.692666666666664,16.52277553763441,17.674397849462366,17.0968938172043,13.244211021505375,20.743756720430106,20.396104838709675,26.25053360215054,16.149533602150537,21.824888440860217,21.49470833333333
2012-08-01,19.216448924731182,18.206350806451614,24.60184677419355,18.33361424731183,19.718227150537636,18.91693951612903,16.885520161290323,15.79082258064516,25.14633198924731,14.715111559139784,20.371657258064516,15.962227150537636,27.781424731182796,25.04159005376344,24.30134811827957,15.03558064516129,26.145348118279568,16.285477150537634,18.60789247311828,15.843322580645163,18.440790322580646,13.175508064516128,19.585641129032258,20.98640053763441,23.81936559139785,15.618268817204301,22.282102150537632,20.74599059139785
2012-09-01,14.051168055555555,13.923029166666668,20.072066666666668,13.085997222222222,14.210952777777779,14.024326388888888,13.285245833333335,12.623066666666666,20.825722222222222,10.428165277777778,15.694704166666666,12.512645833333332,23.421327777777776,18.576281944444446,19.150366666666667,12.262418055555557,20.029358333333334,12.755095833333334,13.71717361111111,12.608305555555555,14.423129166666667,8.428369444444446,14.853993055555556,20.772894444444447,19.396194444444443,11.391390277777777,15.902459722222224,15.947456944444443
2012-10-01,8.166728494623657,10.259755376344085,15.119922043010753,8.588809139784946,7.4019919354838715,8.556373655913978,8.79783870967742,6.572368279569892,16.114690860215052,4.422353494623656,12.082524193548386,9.02935752688172,20.04097311827957,12.298986559139784,11.13522311827957,9.024028225806452,15.715842741935484,6.746458333333333,8.813283602150538,6.82992876344086,10.416299731182795,3.06750940860215,8.068674731182796,16.27930510752688,12.845966397849462,5.69130376344086,9.91114247311828,8.78170430107527
2012-11-01,4.008158333333333,5.900477777777778,7.808144444444443,3.8804555555555553,3.769061111111111,4.4311875,5.873422222222222,2.733913888888889,11.090388888888889,0.8408611111111111,7.207994444444445,6.134625000000001,14.591597222222223,8.797036111111112,6.553680555555555,6.662130555555556,11.312958333333333,3.1844013888888885,4.501848611111111,2.9127180555555556,6.373240277777778,0.7117500000000001,4.355433333333333,12.163990277777778,6.330722222222222,3.129020833333333,6.498968055555555,4.568965277777778
2012-12-01,-2.3142419354838712,3.8779690860215053,-0.8409341397849462,-1.98369623655914,-2.787616935483871,0.43019220430107524,0.0469233870967742,-7.359854838709677,8.446190860215054,-9.960501344086023,4.73649059139785,4.3226249999999995,8.742587365591397,0.8637741935483871,-2.0891370967741936,5.725560483870968,4.94334811827957,-6.456489247311827,1.886728494623656,-6.515233870967742,4.132870967741936,-7.640076612903226,-3.8318293010752686,11.037651881720432,-3.128251344086021,-5.361860215053763,-0.7603279569892473,-3.8525309139784945
2013-01-01,-3.1086908602150536,0.9585416666666666,0.36616263440860214,-2.1083736559139785,-3.445543010752688,-0.739741935483871,-0.10653763440860214,-6.67797311827957,7.783353494623656,-8.382176075268816,2.5578333333333334,3.0268185483870966,8.225037634408602,1.0692513440860216,-1.6761586021505375,5.209275537634409,5.006434139784946,-8.82793682795699,-0.7036545698924731,-8.40181317204301,1.3457594086021505,-6.293025537634409,-4.906150537634408,10.525318548387098,-2.05985752688172,-4.886063172043011,-1.086864247311828,-4.441912634408602
2013-02-01,-3.463199404761905,0.4025565476190477,2.5818199404761906,-4.676833333333333,-2.414552083333333,-1.5952053571428573,-0.9014761904761905,-4.991575892857143,7.143763392857143,-5.847563988095239,1.5624523809523811,2.164357142857143,9.131784226190476,1.0814970238095238,0.6212142857142857,4.472619047619047,4.003754464285715,-4.125683035714285,-1.4384732142857142,-4.88328869047619,0.8181383928571428,-5.737450892857143,-2.064668154761905,9.32096875,0.715391369047619,-3.8258005952380953,-2.2666145833333333,-2.327800595238095
2013-03-01,-0.3274744623655914,1.6974126344086022,5.217201612903226,0.5474704301075268,-1.2217862903225807,-0.24367204301075268,-1.1331895161290322,-7.718989247311828,9.912366935483872,-8.890110215053763,4.44524059139785,2.1239758064516128,10.915307795698924,4.030935483870968,2.5652567204301073,3.472084677419355,7.566225806451613,-6.3285188172043005,0.6131989247311828,-7.6802956989247315,1.4352432795698924,-5.245772849462366,-2.5704879032258066,11.172086021505375,2.754611559139785,-3.73147311827957,1.380258064516129,-0.4982029569892473
2013-04-01,7.962625,7.525211111111111,11.491159722222223,6.969351388888889,7.491525,7.503073611111111,4.921711111111112,1.6814361111111111,12.290770833333333,1.2703958333333334,8.981011111111112,6.2104625,14.966318055555556,11.430656944444445,11.39182222222222,6.6022625,12.752808333333334,4.0171930555555555,7.416831944444444,2.7222680555555554,7.158216666666667,1.2314541666666667,6.978066666666666,12.965606944444444,11.272981944444444,3.3537083333333335,9.428806944444444,8.943556944444444
2013-05-01,11.3045188172043,10.731969086021506,17.754869623655914,8.865298387096775,12.008138440860215,11.55416935483871,11.784461021505376,12.121181451612904,14.31401747311828,11.450048387096773,11.111762096774193,9.770024193548387,20.46508870967742,15.139611559139784,15.814444892473118,9.561,15.301297043010754,14.70166129032258,10.22632930107527,13.981311827956988,11.047525537634408,9.251973118279569,14.14689247311828,14.220729838709678,17.401889784946235,11.523041666666666,12.855962365591397,13.758509408602151
2013-06-01,15.257950000000001,15.105190277777776,20.112341666666666,14.206230555555557,15.922972222222224,15.583895833333335,14.597893055555556,17.01824166666667,19.185129166666666,16.337477777777778,15.889011111111111,13.283340277777777,23.618181944444444,19.141323611111112,19.694822222222225,13.17083888888889,19.966754166666668,17.7057625,14.937477777777778,17.492704166666666,14.8710625,12.002581944444445,17.57571111111111,18.038229166666667,20.294418055555557,14.842780555555555,17.176505555555558,17.536969444444445
2013-07-01,19.76958198924731,19.310172043010752,22.12363306451613,18.59147311827957,19.53422311827957,19.635202956989247,17.681532258064514,18.108532258064514,24.410951612903226,16.44555376344086,20.725489247311828,17.552729838709677,26.034020161290325,23.247236559139786,23.483040322580646,16.982854838709677,24.11557123655914,17.905048387096773,19.324369623655915,17.801297043010752,18.905385752688172,14.536153225806451,19.50567204301075,22.19797177419355,21.926182795698924,17.101512096774194,21.159720430107527,20.20901747311828
2013-08-01,18.89259946236559,17.909836021505377,23.938064516129028,16.99381451612903,18.973567204301077,18.435818548387097,17.34088440860215,17.71361693548387,23.984534946236558,16.02031317204301,19.150637096774194,16.258897849462368,26.769486559139786,23.55927956989247,23.799536290322582,15.13448252688172,24.282099462365593,17.220477150537633,17.73002688172043,17.158681451612903,18.19867069892473,13.45350940860215,19.45387365591398,22.302813172043013,22.97066801075269,16.383204301075267,20.790966397849463,20.571899193548386
2013-09-01,12.865023611111113,14.415095833333334,17.741198611111113,13.286497222222222,12.446497222222222,13.607956944444444,13.550404166666665,12.515109722222224,21.145218055555556,11.212697222222221,16.2491875,13.189434722222222,23.058487500000002,16.832116666666668,15.267266666666668,13.1486625,20.0448125,11.643705555555556,13.929369444444445,12.090819444444444,14.60328611111111,9.959133333333334,12.430156944444445,20.968229166666667,15.17447361111111,11.882259722222223,14.891808333333334,12.742659722222223
2013-10-01,9.280888440860215,11.956969086021505,12.27339247311828,9.970111559139784,8.991090053763442,10.438837365591398,10.845006720430108,7.402020161290323,17.56855510752688,4.980895161290323,13.468099462365592,11.707829301075268,17.39106182795699,13.313349462365592,12.404022849462367,11.596204301075268,16.031076612903224,7.350426075268817,10.858006720430108,7.4004663978494625,11.92908198924731,5.414166666666667,9.773896505376344,17.234899193548387,11.139852150537633,7.635751344086021,10.831197580645162,9.911018817204301
2013-11-01,2.787,5.512669444444445,8.2002,1.5156930555555554,3.4092027777777782,3.940901388888889,5.7657750000000005,3.998123611111111,10.473690277777777,1.2979972222222222,6.155055555555556,5.7692958333333335,14.192033333333333,7.423641666666667,6.499734722222223,6.472006944444445,10.10865,3.7001319444444443,3.8088458333333337,3.9174305555555557,6.491023611111111,0.6451847222222222,4.098252777777778,11.793719444444443,7.148918055555556,2.850547222222222,4.779493055555556,4.279786111111111
2013-12-01,0.09243817204301076,4.107798387096774,0.6616129032258065,-0.018030913978494618,-0.059623655913978495,2.505448924731183,4.792056451612903,1.0589475806451611,8.028065860215055,-1.218092741935484,4.54679435483871,5.857360215053764,8.201619623655914,2.9639690860215056,0.29663306451612903,6.671783602150537,6.8235954301075274,0.031287634408602154,2.0339422043010753,0.8878494623655915,4.966858870967742,0.02786155913978494,0.6291935483870967,10.045638440860214,-0.7087002688172044,1.7229395161290322,1.5908333333333333,-1.0868252688172042
2014-01-01,0.15369086021505377,4.502455645161291,2.624073924731183,0.12709274193548387,-0.4829798387096774,1.596858870967742,1.3156854838709677,-6.652924731182796,8.587297043010752,-9.150928763440861,5.52527688172043,5.226412634408602,9.81525,4.526838709677419,1.7872997311827956,5.569370967741936,6.8016370967741935,-7.087938172043011,2.749872311827957,-6.887520161290322,4.557708333333333,-5.068626344086021,-2.717720430107527,10.976165322580645,-0.4632647849462365,-3.1263467741935482,2.7802446236559137,-0.2738373655913979
2014-02-01,0.751625,4.96739880952381,4.505446428571428,0.918889880952381,1.241657738095238,3.292613095238095,3.1185997023809526,-2.044985119047619,8.348418154761905,-2.6736785714285713,5.7173125,5.3788616071428565,9.973178571428571,4.786010416666667,2.966672619047619,5.351944940476191,7.671665178571429,-1.8024717261904761,3.310245535714286,-1.7762455357142857,5.29903869047619,-0.8781592261904763,0.9833497023809524,10.34000744047619,1.8480104166666667,0.5401696428571429,2.1784642857142855,1.3327321428571428
2014-03-01,5.551733870967742,7.498100806451614,7.742416666666667,4.660612903225807,5.940302419354839,6.578040322580645,5.252530913978495,0.8376344086021505,10.806838709677418,-0.08983333333333333,7.873052419354839,6.601681451612903,11.271557795698925,8.601657258064517,8.606130376344087,6.531885752688172,9.677284946236558,3.3535443548387094,6.183899193548387,2.1474059139784947,7.55673252688172,1.0280591397849461,5.70983064516129,11.992903225806451,7.45808870967742,2.8369959677419354,6.809350806451613,6.454057795698925
2014-04-01,9.452072222222222,11.40025138888889,10.928830555555555,8.616594444444445,10.352659722222223,11.070673611111111,8.180652777777777,4.855065277777777,15.064562500000001,3.2751472222222224,11.272419444444445,9.381609722222223,14.260777777777777,12.175725000000002,12.630205555555555,9.195791666666667,12.93773888888889,7.406176388888889,10.589023611111111,6.267530555555556,11.605902777777779,4.2553125,9.99142638888889,14.540184722222222,10.703747222222223,6.080869444444444,10.514138888888889,10.4514
2014-05-01,11.663918010752688,12.956137096774194,15.08646505376344,10.373895161290323,12.56740053763441,12.754333333333333,11.908489247311827,10.499377688172043,16.715681451612905,9.00988440860215,13.007737903225806,11.660358870967743,18.477263440860217,14.642849462365593,15.862987903225807,11.138831989247311,15.747174731182795,12.676600806451612,12.224091397849463,11.800798387096775,13.22421370967742,8.36466129032258,13.567087365591398,16.198694892473117,15.522620967741936,10.293266129032258,12.911306451612903,13.477493279569892
2014-06-01,16.734679166666666,16.101475,18.75514861111111,15.975873611111112,17.03591666666667,16.815280555555557,15.40193611111111,13.406008333333332,21.04560972222222,12.52023611111111,17.69846527777778,14.721769444444446,23.4704875,19.751908333333333,20.476583333333334,14.12347361111111,21.143283333333333,14.250769444444444,17.113813888888888,13.97246388888889,15.994204166666666,12.107026388888888,16.476830555555555,18.880029166666667,18.78759722222222,13.686626388888888,17.924933333333332,17.510005555555555
2014-07-01,18.539440860215052,19.026931451612903,21.846012096774192,16.222610215053763,20.430823924731182,19.74104569892473,19.555540322580644,19.62146505376344,23.0435564516129,19.183502688172045,19.252262096774196,17.164700268817203,26.05081048387097,21.386353494623656,22.570584677419355,16.025549731182796,22.14313575268817,19.645731182795696,19.337716397849462,19.51579569892473,19.59016666666667,17.72074059139785,21.255208333333332,20.946139784946237,21.80854301075269,19.444666666666667,19.156555107526884,20.283622311827955
2014-08-01,16.15423790322581,15.747165322580644,22.657047043010753,14.81015053763441,16.867540322580645,16.29702419354839,16.552405913978493,17.848602150537634,23.60867876344086,16.453329301075268,17.406989247311827,14.567290322580645,26.93276075268817,20.43859946236559,20.499993279569892,13.801368279569893,22.465158602150538,17.41310887096774,15.618701612903227,17.262909946236558,16.34433333333333,13.439486559139784,17.992799731182796,20.630913978494622,22.238939516129033,16.045716397849464,17.72778629032258,17.73375
2014-09-01,13.502119444444444,15.76586527777778,16.858131944444445,13.688534722222224,14.537045833333334,15.218904166666668,14.948834722222223,13.29560138888889,21.630279166666664,11.472683333333334,17.231894444444443,14.605072222222223,22.14802222222222,16.320202777777777,16.841288888888887,14.031497222222223,19.43026111111111,12.813194444444445,15.17338611111111,12.858258333333334,16.309008333333335,10.9047875,15.114981944444445,20.376731944444444,17.1871875,12.727304166666666,14.421568055555555,15.028963888888889
2014-10-01,9.964370967741935,12.52567876344086,10.916408602150538,10.976845430107527,10.004192204301075,11.78866129032258,12.107405913978495,5.856654569892473,18.3500564516129,3.7950174731182793,13.949231182795698,11.762467741935483,17.02428629032258,12.96584677419355,11.800721774193548,11.268338709677419,16.193951612903223,6.300489247311829,11.608684139784947,5.876495967741936,13.09784005376344,6.021123655913979,9.682600806451612,18.68112634408602,10.608380376344087,8.30556317204301,11.381086021505377,9.964341397849463
2014-11-01,5.625268055555556,7.368663888888889,5.806120833333334,5.456291666666667,5.2250625,6.015469444444444,7.511934722222222,1.1572694444444445,12.450811111111111,-0.3623013888888889,9.208955555555557,8.08429861111111,13.018104166666667,8.695679166666666,6.4287930555555555,8.1820875,12.186008333333332,0.7145361111111111,6.253261111111111,0.8592958333333333,7.6663805555555555,1.0420458333333333,4.424905555555555,13.691080555555555,4.529498611111111,3.763176388888889,7.157008333333334,5.0360125
2014-12-01,0.1830954301075269,3.246806451612903,1.9010564516129032,0.15658602150537634,0.37873252688172043,1.7479354838709678,3.0673225806451616,-1.2512983870967742,8.080432795698924,-3.411325268817204,4.15645564516129,4.671255376344086,10.339736559139785,3.2842567204301076,1.508904569892473,5.74008870967742,7.040713709677419,-2.882146505376344,1.6719422043010752,-2.2291827956989247,4.194491935483871,-2.9072930107526878,-0.36922043010752686,9.63034946236559,-0.24153629032258064,-1.0741760752688172,1.1368198924731183,-0.2040537634408602
2015-01-01,-0.811475806451613,2.25152688172043,0.2581438172043011,-1.1762795698924733,-0.48053360215053764,1.000013440860215,2.6683924731182795,-2.388369623655914,7.407830645161291,-5.930091397849463,3.484225806451613,3.860504032258065,7.571423387096774,2.2746397849462365,0.35506317204301074,4.810715053763441,5.563025537634408,-2.1973198924731183,0.5447083333333333,-2.4468091397849463,3.109016129032258,-2.788608870967742,-0.3165228494623656,9.096120967741935,-0.8308575268817204,-0.9849798387096775,0.805494623655914,-1.2430739247311828
2015-02-01,-1.8691324404761904,2.0510714285714284,0.7411220238095237,-3.0483630952380953,-1.3089136904761904,-0.15852232142857142,1.6052827380952381,-1.774016369047619,6.878666666666667,-2.939422619047619,2.6252247023809523,3.2313988095238093,7.53814880952381,1.4917723214285714,0.7978556547619048,4.3586875,5.112358630952381,-2.308501488095238,-0.3191532738095238,-2.186598214285714,2.7232083333333335,-2.0785550595238096,-0.9156339285714287,9.091233630952381,-0.042416666666666665,-1.0792767857142858,-0.7863497023809524,-1.9982425595238094
2015-03-01,3.1728629032258064,5.430645161290323,3.8146451612903225,3.849481182795699,3.582896505376344,4.697486559139785,4.017471774193548,1.2619354838709678,10.903762096774194,-0.3944274193548387,6.9378172043010755,5.360711021505376,9.538771505376344,6.064797043010753,5.668502688172043,5.694305107526882,8.697458333333334,2.6177970430107527,4.66176747311828,2.0753763440860213,5.60609005376344,0.4353629032258064,3.966463709677419,11.732728494623656,4.347614247311828,2.017962365591398,4.434853494623656,3.610965053763441
2015-04-01,7.401744444444445,8.680648611111112,8.719247222222222,7.553756944444444,7.459043055555556,8.089295833333333,6.782629166666667,4.172894444444444,13.777415277777777,3.1757069444444443,10.711202777777778,8.212104166666666,13.001547222222221,10.284194444444445,10.232193055555555,8.077254166666666,12.078783333333334,5.8849,8.471998611111111,5.061315277777778,8.416313888888888,3.0440625,7.6377291666666665,14.505231944444445,9.12191111111111,5.345823611111111,8.770486111111111,7.725368055555556
2015-05-01,12.552173387096776,12.134362903225806,16.477701612903225,11.913712365591397,12.579736559139786,12.344438172043011,9.893995967741935,9.211314516129033,18.34830510752688,8.180274193548387,13.708110215053765,10.213809139784946,19.431629032258066,16.134126344086024,16.144126344086022,9.485833333333334,17.288306451612904,10.764861559139785,12.067633064516128,9.947146505376343,11.823834677419356,5.95254435483871,12.805122311827958,17.501276881720432,16.49208064516129,8.588518817204301,14.260329301075268,13.364573924731184
2015-06-01,16.911244444444442,15.656911111111112,18.572702777777778,16.284659722222223,16.863341666666667,16.102493055555556,13.269269444444443,13.446466666666668,22.003340277777777,12.091120833333333,17.99390277777778,13.601940277777778,22.50272222222222,19.83544861111111,20.694890277777777,12.664683333333333,21.595418055555555,14.671276388888888,16.115172222222224,14.164180555555554,15.286277777777778,9.953727777777779,16.769855555555555,20.646620833333333,20.275619444444445,12.736240277777778,18.130881944444447,17.877702777777777
2015-07-01,21.039379032258065,18.24351612903226,23.918959677419352,20.124701612903227,21.520521505376344,19.97340860215054,16.010291666666667,16.28970698924731,26.14452822580645,14.974565860215053,21.13061693548387,15.416276881720428,26.870290322580644,25.058704301075267,25.013486559139785,13.810728494623657,26.622194892473118,16.70870430107527,20.25919758064516,16.227491935483872,18.103337365591397,12.790255376344087,20.27355241935484,21.756301075268816,24.364326612903227,15.634592741935485,22.40315994623656,21.921841397849462
2015-08-01,20.72340860215054,18.59925134408602,23.6699623655914,18.399459677419355,22.57380913978495,20.382400537634407,17.551122311827957,17.85866129032258,24.046244623655912,16.16635080645161,20.197603494623657,15.550986559139783,26.814752688172042,24.110059139784944,24.901415322580643,13.6858561827957,24.645227150537632,19.09183198924731,19.944274193548388,17.77428629032258,18.50867204301075,14.075407258064516,22.73847580645161,20.98666935483871,24.021592741935482,16.537084677419355,21.451872311827955,22.71903629032258
2015-09-01,13.03579861111111,12.908044444444444,19.76595277777778,11.470611111111111,14.108020833333333,13.17649861111111,13.7215875,13.565047222222223,19.691618055555555,11.899670833333335,14.588219444444444,12.202255555555555,23.8410625,17.943205555555554,18.00922222222222,12.028536111111112,19.813330555555556,13.630480555555556,12.519191666666666,13.192894444444445,13.609627777777778,10.435055555555556,15.318820833333332,18.78998888888889,19.149619444444447,12.318865277777778,14.954386111111111,15.3361375
2015-10-01,7.500723118279569,9.368270161290322,11.042271505376345,7.607361559139785,7.797493279569893,8.223022849462366,9.718256720430107,6.134317204301075,16.2996626344086,4.619033602150538,10.855243279569892,10.36669623655914,17.3887311827957,11.193868279569891,10.054240591397848,10.754279569892473,14.705868279569891,5.036186827956989,8.080137096774195,5.293969086021506,9.899930107526881,5.548650537634408,7.323028225806451,16.741204301075268,9.775940860215053,6.959631720430108,8.895733870967742,8.103125
2015-11-01,5.459816666666667,9.071416666666666,8.509904166666667,5.414973611111111,5.1367722222222225,7.041955555555555,7.347605555555555,4.084515277777778,12.826224999999999,2.3164291666666665,9.587730555555556,8.752702777777777,14.519698611111112,7.475908333333333,6.006659722222222,9.04251388888889,10.883072222222221,3.6883097222222223,6.9372597222222225,3.8647847222222222,9.415240277777778,1.7861472222222223,4.842013888888889,13.890791666666669,6.485134722222222,4.0008875,6.116490277777777,4.559501388888889
2015-12-01,2.7261196236559138,7.6406196236559145,3.051626344086021,3.656693548387097,2.7680510752688168,5.711270161290323,6.02721505376344,2.3200793010752685,10.860440860215054,-0.29436155913978496,7.824118279569893,8.797137096774193,9.350432795698925,4.134220430107527,1.9063736559139786,8.276827956989248,7.7534059139784945,1.2440524193548388,5.586510752688172,2.0280295698924733,8.183801075268816,0.2711572580645161,2.942022849462366,12.279540322580644,1.7264825268817203,2.203774193548387,2.8831155913978495,0.8248951612903226
2016-01-01,-1.68147311827957,3.5688104838709678,-1.5382083333333332,-0.17444086021505376,-2.301760752688172,0.4628844086021506,-0.07026747311827958,-7.729626344086021,9.45227688172043,-11.443068548387096,4.840677419354838,4.869967741935484,8.081077956989247,1.345744623655914,-1.9178077956989246,5.91974059139785,5.72014247311828,-7.635314516129032,1.5196357526881719,-7.151252688172043,3.924181451612903,-7.118555107526881,-4.000810483870968,11.583787634408601,-3.285561827956989,-5.940290322580645,-0.20973387096774193,-3.8107002688172043
2016-02-01,1.7614698275862068,3.643887931034483,6.1823922413793095,1.0587931034482758,2.0256192528735633,2.536478448275862,2.0199640804597703,-0.6501005747126437,9.073215517241378,-3.4081853448275865,5.198831896551725,4.037093390804598,11.492280172413794,6.011806034482758,4.314836206896552,4.650997126436781,7.870533045977011,0.10237356321839079,2.6271350574712646,-0.11776149425287356,3.889222701149425,-3.1194166666666665,1.9922227011494253,10.526620689655173,4.374091954022989,-1.2946048850574712,3.2172385057471264,2.1702442528735633
2016-03-01,2.648340053763441,4.44157123655914,6.377459677419354,1.9603763440860216,2.956149193548387,3.415516129032258,3.299907258064516,-1.0913239247311828,9.52476747311828,-2.02858064516129,5.772809139784947,5.016747311827957,11.052639784946237,6.430825268817204,5.929551075268818,5.713301075268817,8.570208333333333,0.8814341397849463,3.051709677419355,0.09850672043010752,4.706536290322581,0.075625,3.0237782258064514,10.560405913978494,5.535317204301075,1.4860094086021505,4.326845430107527,3.6887956989247312
2016-04-01,7.993569444444445,7.880852777777777,13.198147222222222,6.9644152777777775,7.641193055555555,7.620543055555556,6.1291319444444445,4.430579166666666,12.440027777777777,3.486963888888889,9.120734722222222,6.640872222222222,16.657568055555558,11.574527777777778,11.810908333333332,6.629358333333333,13.384144444444445,6.110804166666666,7.136298611111111,5.294323611111111,8.075858333333334,2.8032430555555554,8.348712500000001,12.684823611111112,12.827802777777778,4.707168055555556,9.477016666666668,9.355681944444445
2016-05-01,11.984895161290323,13.618247311827957,14.357684139784947,10.801649193548387,13.303469086021506,13.41422446236559,12.658624999999999,12.681065860215053,15.754448924731182,11.961274193548388,13.485935483870968,11.546692204301074,18.562782258064516,15.03273252688172,15.801040322580645,11.35957930107527,15.849227150537635,14.235793010752689,12.603002688172044,13.476431451612903,13.75381989247312,9.023018817204301,14.680100806451614,15.151629032258064,14.752291666666666,11.455602150537635,13.149565860215054,13.8263938172043
2016-06-01,16.793475,16.4087875,21.01699027777778,14.911772222222224,17.952343055555556,17.100441666666665,16.255070833333335,15.390138888888888,21.096493055555555,14.124037500000002,17.012129166666668,14.461752777777777,24.97593611111111,20.11591111111111,20.850897222222223,14.17675,20.597908333333333,16.953645833333333,16.051491666666667,16.124022222222223,16.548030555555556,12.973416666666667,18.8252125,18.876944444444444,20.816311111111112,15.1784625,17.795890277777776,18.656819444444444
2016-07-01,19.14463172043011,17.98837365591398,23.79754435483871,17.788833333333333,19.597513440860215,18.843211021505375,17.058190860215053,18.088524193548388,24.672004032258066,17.17449059139785,19.582637096774192,16.11778629032258,26.96650940860215,23.379948924731185,22.948760752688173,14.902799731182798,24.62963172043011,18.16702688172043,17.984888440860214,18.206719086021508,18.166934139784946,14.203837365591399,19.701626344086023,22.29279435483871,23.07386693548387,17.213255376344087,21.04550134408602,20.27656451612903
2016-08-01,17.417947580645162,17.807987903225808,22.96442204301075,17.520209677419356,17.947220430107528,18.13529435483871,16.577309139784948,16.691501344086024,24.540931451612906,15.001860215053764,20.015823924731183,16.38380241935484,26.385552419354838,21.14223790322581,21.1974623655914,15.06268817204301,23.416610215053762,16.71353629032258,17.86766935483871,16.581788978494625,17.940375,12.837684139784946,18.377198924731182,22.556399193548387,22.39037231182796,15.464391129032258,18.96244489247312,18.430361559139786
2016-09-01,15.9433375,17.055325,18.702397222222224,15.152416666666666,17.051643055555555,17.472595833333333,16.51156388888889,13.495541666666668,21.81109027777778,11.342359722222222,18.16337777777778,15.4215375,22.092702777777777,18.891290277777777,19.073030555555555,13.8479,20.564233333333334,13.390891666666668,16.999091666666665,13.543859722222221,17.751329166666668,12.45928611111111,16.47370972222222,20.361045833333332,18.672945833333333,14.31378611111111,17.120897222222222,16.847304166666667
2016-10-01,7.079751344086022,9.508430107526882,10.621760752688171,7.173258064516128,7.321606182795699,8.380611559139785,9.185739247311828,4.603711021505377,17.285360215053764,3.3356895161290323,10.827244623655915,10.121741935483872,17.403959677419355,10.660766129032258,9.316686827956989,10.618383064516129,14.51446370967742,4.477202956989248,8.347602150537634,4.334514784946236,10.111064516129032,4.24480376344086,7.011100806451613,17.10472177419355,8.480701612903225,6.231232526881721,8.602510752688172,7.028525537634408
2016-11-01,2.4055583333333335,5.236780555555556,5.838536111111111,2.947666666666667,2.0772472222222222,3.3532958333333336,4.333622222222222,-0.9148708333333333,11.245899999999999,-2.8303527777777777,7.0111638888888885,5.325702777777778,12.855838888888888,6.6504819444444445,3.8479930555555555,6.0531625,10.014018055555555,-0.19231944444444443,3.8862875,-0.38631249999999995,5.493855555555555,-1.2897375,2.2519708333333335,12.63408611111111,3.5788763888888893,0.7556513888888888,4.801029166666667,1.9250805555555555
2016-12-01,-0.902502688172043,2.917008064516129,-1.2812836021505376,0.8763924731182795,-1.5414153225806453,1.2530295698924732,4.12757123655914,-0.3719045698924731,9.572495967741935,-3.2722379032258067,4.078779569892474,5.943829301075269,6.757655913978494,0.8697244623655914,-1.5734758064516128,7.002092741935484,6.478630376344086,-0.8672204301075269,0.6568252688172043,-0.09037500000000001,4.171782258064516,0.26091263440860213,-0.5725967741935484,11.013845430107526,-2.25952688172043,0.6321787634408602,-0.20720698924731185,-2.9199852150537633
2017-01-01,-6.553215053763441,-0.4598534946236559,-6.091913978494624,-5.264095430107527,-6.971798387096774,-3.229297043010753,0.9625201612903226,-3.003801075268817,6.702356182795699,-5.087458333333333,0.7066034946236559,3.3255174731182793,4.90052688172043,-3.7385322580645157,-6.649038978494624,5.626755376344086,2.779302419354839,-5.567681451612903,-3.2341868279569894,-4.039760752688172,0.738122311827957,-2.1914086021505375,-5.668576612903226,9.095307795698924,-6.52483064516129,-2.032772849462366,-5.315278225806452,-8.183315860215053
2017-02-01,0.530172619047619,4.544787202380952,1.9744315476190475,1.7993244047619048,-0.46319196428571424,2.0814375000000003,1.427811011904762,-3.8295922619047618,9.615330357142858,-6.293345238095237,6.024808035714285,5.351126488095238,8.888427083333333,3.7633809523809525,1.6759821428571429,6.198949404761906,7.315151785714286,-4.27471130952381,3.1103154761904763,-4.239822916666666,3.9587529761904765,-3.111785714285714,-1.9219166666666667,11.099248511904761,0.3161056547619048,-1.7992872023809525,1.9669791666666665,-0.3199642857142857
2017-03-01,5.617849462365592,8.147727150537634,7.403514784946236,6.237305107526882,5.252845430107527,6.628,4.196094086021505,0.22588440860215053,11.607244623655916,-1.5266895161290321,9.155266129032258,7.5498911290322575,11.629315860215053,8.789806451612904,7.8625,7.540266129032258,10.67941129032258,2.1558010752688173,6.996346774193548,1.091733870967742,7.734319892473118,-0.4709905913978495,4.776692204301075,12.174807795698925,7.121840053763441,1.430119623655914,7.22665188172043,5.450646505376344
2017-04-01,6.766061111111112,8.038648611111112,9.562675,6.545754166666667,6.649562500000001,7.2927583333333335,6.252911111111111,2.2908541666666666,14.039895833333334,0.6785305555555555,9.700833333333334,8.262404166666666,14.248316666666668,10.816704166666666,10.213159722222223,8.402068055555555,12.802869444444445,4.359619444444444,7.4050875,3.3925569444444443,8.226122222222223,2.195976388888889,6.588994444444444,15.230825,9.153719444444445,3.868590277777778,9.392269444444445,7.5369166666666665
2017-05-01,13.322102150537635,14.54529435483871,15.306815860215055,12.475239247311828,13.675888440860216,14.089666666666666,11.867352150537634,8.616016129032257,18.118620967741936,6.871805107526881,15.003141129032258,12.425037634408602,19.06527553763441,16.337184139784945,16.65690994623656,11.997614247311828,17.480247311827956,11.429409946236559,14.32357258064516,10.234461021505377,14.231633064516128,8.190967741935484,13.357551075268818,17.61513306451613,15.463342741935485,10.059879032258065,14.575608870967743,14.198225806451612
2017-06-01,18.6798,18.383672222222224,21.386965277777776,17.65842361111111,18.953737500000003,18.19219861111111,15.040245833333334,13.355634722222224,23.395791666666668,12.364775000000002,19.716658333333335,15.546791666666667,24.65796527777778,22.45302222222222,22.489227777777778,13.907183333333334,23.45351388888889,14.894418055555555,19.004083333333334,14.162029166666667,17.81032777777778,11.640162499999999,17.775544444444446,20.72049722222222,21.187969444444445,14.245954166666666,20.048591666666667,19.348869444444443
2017-07-01,19.14857930107527,18.45866801075269,23.290571236559142,17.88968951612903,19.566190860215052,18.629138440860213,16.03606317204301,16.13084811827957,24.21520295698925,15.207530913978495,20.22722446236559,16.203397849462366,26.92564247311828,24.159864247311827,23.349307795698923,14.817154569892473,25.128395161290324,16.202051075268816,19.616677419354836,16.186452956989246,18.086380376344085,13.476791666666667,18.72479569892473,21.25686693548387,22.59027688172043,15.99028494623656,21.44614112903226,20.042611559139786
2017-08-01,19.547877688172044,17.866225806451613,23.765485215053765,18.399502688172042,19.863631720430106,18.258310483870968,16.559280913978494,16.96259005376344,24.40756586021505,14.835307795698924,19.9318938172043,15.29963306451613,26.832845430107525,24.692325268817203,24.31359946236559,14.250544354838711,26.11562768817204,16.97006586021505,18.26867741935484,16.87501747311828,17.798477150537632,12.512951612903226,19.647387096774196,21.433919354838707,23.882245967741934,15.612905913978496,22.14389919354839,21.172915322580643
2017-09-01,11.836029166666668,13.979262499999999,19.16382638888889,11.483916666666667,12.529802777777778,13.165630555555557,13.892913888888888,12.377952777777779,20.249668055555556,10.28281111111111,14.931898611111112,13.123377777777778,23.164227777777775,16.01816388888889,16.184745833333334,12.718266666666667,18.484820833333334,12.777719444444445,13.038191666666666,12.664098611111111,14.3685375,10.29237638888889,13.469384722222223,18.83575,17.69557222222222,12.04546388888889,13.289379166666665,13.643858333333332
2017-10-01,9.480532258064516,12.543462365591397,11.785189516129034,9.844224462365592,9.498146505376344,10.97121370967742,11.20178494623656,5.767504032258064,18.376451612903224,3.8585913978494624,13.256790322580645,11.731924731182795,17.40954704301075,12.487279569892474,11.35425,11.557372311827956,15.439499999999999,6.595643817204301,10.541944892473119,6.184240591397849,12.992565860215052,5.177362903225807,9.390620967741937,18.960979838709676,10.972630376344085,7.346713709677419,10.540125,9.037219086021505
2017-11-01,2.432452777777778,6.174434722222222,6.403947222222222,2.0283708333333332,2.9031055555555554,4.475416666666667,5.964219444444445,2.5077402777777777,11.545373611111112,0.49088472222222224,6.707081944444445,6.276195833333333,12.90772222222222,6.642945833333334,4.8796277777777775,7.208033333333333,9.44607361111111,2.5980541666666666,4.254722222222222,2.602301388888889,7.108280555555556,-0.16293749999999999,3.5237680555555553,13.203344444444443,5.160965277777778,2.217425,4.369913888888889,2.7861319444444446
2017-12-01,-1.373491935483871,3.704422043010753,2.685240591397849,-1.7166854838709678,-0.5225013440860214,1.6068682795698925,3.5729502688172046,-0.5404166666666667,7.9874059139784945,-2.331719086021505,4.093654569892474,4.470770161290323,9.559520161290322,2.9568924731182795,0.9386962365591398,5.73516935483871,5.113557795698925,-0.7089959677419355,1.7941465053763441,-0.5494744623655914,4.419794354838709,-2.882399193548387,0.5685658602150537,10.493275537634409,1.2195013440860214,-0.398,0.43474193548387097,-1.1317284946236559
2018-01-01,0.6148346774193548,5.018198924731183,1.2468575268817206,1.9877083333333334,0.6965860215053763,3.095662634408602,2.207029569892473,-3.1473319892473115,8.319733870967742,-5.673521505376344,6.502317204301075,4.600268817204301,8.391743279569893,4.432129032258064,1.8432674731182797,5.6119798387096775,7.038926075268818,-3.269314516129032,4.108625,-3.1745282258064518,4.777368279569893,-4.633208333333333,-0.39815725806451613,10.131313172043011,-0.4314677419354839,-2.0276532258064517,2.4504879032258065,-0.21125
2018-02-01,-4.588425595238095,-0.3274107142857143,1.2278988095238095,-3.5529241071428572,-3.8514375000000003,-2.3010818452380954,-0.763125,-7.436392857142858,6.756092261904762,-10.648517857142858,1.1335282738095238,2.1153869047619045,9.083308035714285,-0.5807559523809525,-1.168095238095238,3.679421130952381,4.218391369047619,-7.531752976190476,-2.070504464285714,-8.151197916666666,0.10454464285714286,-6.509163690476191,-3.9969955357142855,9.23291369047619,-0.9977261904761905,-5.018065476190476,-3.8874955357142857,-4.007809523809524
2018-03-01,0.5498897849462365,4.154897849462365,4.969219086021505,1.7551451612903226,0.22082123655913982,1.9805591397849462,0.1824327956989247,-4.159713709677419,9.55110752688172,-6.786889784946236,5.82586559139785,4.0275336021505375,11.788926075268817,3.9011599462365596,2.4124596774193545,4.424360215053763,7.564384408602151,-2.7606747311827955,2.729927419354839,-3.2845685483870968,3.681361559139785,-5.197850806451613,-0.3835564516129032,10.800720430107527,2.089170698924731,-3.0774314516129033,1.5468508064516129,0.2378534946236559
2018-04-01,11.74343611111111,11.790486111111111,13.909768055555555,10.501831944444445,12.212040277777778,11.885522222222221,7.713704166666667,4.647145833333334,12.962898611111111,2.772901388888889,12.0817625,8.690702777777776,16.715694444444445,14.2906875,14.936159722222222,8.081023611111112,14.492677777777777,8.330680555555556,11.349884722222223,6.781993055555556,11.339391666666668,2.5773416666666664,11.918240277777777,12.993643055555557,14.092379166666667,5.2990916666666665,12.344674999999999,12.75998888888889
2018-05-01,15.038201612903226,15.43886693548387,17.379032258064516,13.459461021505376,16.080334677419355,15.695772849462367,14.421618279569891,13.515254032258065,15.921551075268818,12.859344086021506,14.95180376344086,12.52997177419355,20.573692204301075,18.326567204301075,18.932495967741936,11.782387096774192,17.723748655913976,15.532068548387098,14.940720430107527,14.71804301075269,15.572606182795699,12.000456989247311,16.44297311827957,15.430002688172044,18.059943548387096,14.015431451612903,16.085396505376345,16.712201612903225
2018-06-01,17.4013125,17.459555555555553,20.377276388888887,16.323166666666665,18.425697222222222,17.967205555555555,16.875941666666666,15.264108333333333,20.399956944444444,13.631275,18.354254166666667,15.475508333333334,23.864354166666665,20.6630125,20.907138888888888,15.397502777777778,21.554344444444446,16.29570277777778,17.523106944444446,15.7722,17.104219444444446,12.918615277777779,18.59498888888889,18.240394444444444,20.893029166666665,15.989518055555555,18.621236111111113,18.63570972222222
2018-07-01,19.319032258064517,21.1163373655914,21.67779838709677,19.098237903225808,20.803821236559138,21.003869623655916,19.703548387096774,20.430760752688172,23.865462365591394,20.055,21.73354435483871,18.45202419354839,26.642287634408603,22.730764784946235,22.66084946236559,16.43205241935484,24.88687634408602,19.428916666666666,21.74818682795699,19.840727150537635,20.218032258064518,17.51134543010753,20.631387096774194,20.132040322580643,21.425907258064516,20.776869623655912,20.621577956989245,20.266948924731185
2018-08-01,20.4498561827957,19.346475806451615,23.116327956989245,18.808166666666665,22.117025537634408,20.693471774193547,18.44675806451613,18.938006720430106,25.01229301075269,16.931220430107526,20.753049731182795,16.46668682795699,26.45661424731183,24.266272849462364,24.454559139784944,15.101057795698924,24.830127688172045,18.54741129032258,20.451193548387096,18.78635752688172,19.134377688172044,13.28392741935484,21.295206989247312,22.867586021505378,23.601849462365593,17.48640188172043,21.511702956989247,21.81738575268817
2018-09-01,14.995126388888888,15.21310138888889,18.604465277777777,15.291658333333334,15.714956944444445,15.680211111111111,14.860993055555557,14.586930555555556,22.358431944444444,12.223004166666668,17.40708888888889,13.364283333333333,23.100450000000002,18.738844444444446,18.307016666666666,12.343954166666668,21.178947222222224,14.198344444444443,15.611897222222224,14.530784722222224,15.433831944444446,9.985193055555555,16.098004166666666,21.93610138888889,18.104069444444445,13.202152777777776,16.504583333333333,15.85613472222222
2018-10-01,10.316728494623655,12.018584677419353,13.275422043010753,9.824168010752688,10.318779569892472,11.08946505376344,10.639856182795699,7.527552419354839,16.08942069892473,5.393025537634409,12.721666666666668,10.226205645161292,17.885701612903226,14.207962365591397,13.423770161290323,9.862764784946236,16.410318548387096,7.501334677419355,10.95438306451613,7.65919623655914,12.39367069892473,5.054372311827957,10.213069892473118,17.01824193548387,12.851307795698924,7.712619623655915,11.85103494623656,10.969801075268817
2018-11-01,3.9885041666666665,6.171154166666667,5.8658166666666665,4.4685805555555556,3.7876555555555558,4.850019444444444,6.046526388888888,2.9088402777777773,11.390005555555556,1.6371652777777779,7.576244444444444,7.656108333333334,13.42468888888889,7.821465277777778,6.4414375,8.224136111111111,10.927522222222223,1.485311111111111,5.105438888888889,2.119184722222222,6.257945833333332,1.9350236111111112,3.7137583333333333,12.758304166666665,4.300848611111111,3.249377777777778,5.637870833333333,4.548666666666667
2018-12-01,-0.23959139784946237,4.8533319892473115,0.14761693548387098,1.1865443548387096,0.16042473118279568,3.090413978494624,3.8335336021505375,-2.8429811827956986,9.885853494623655,-5.049869623655914,5.896010752688172,6.2494771505376345,8.173057795698925,2.2913575268817206,-0.21378897849462367,7.953662634408602,6.451751344086022,-3.347063172043011,3.084865591397849,-3.176252688172043,5.528270161290323,-2.959411290322581,0.030063172043010754,11.412635752688173,-1.7413629032258064,-0.92777688172043,0.8645040322580646,-1.9762862903225806
2019-01-01,-3.433439516129032,2.097377688172043,-0.6897110215053763,-3.2486680107526884,-2.758356182795699,-0.059331989247311825,1.7391693548387097,-5.5376155913978495,7.244682795698925,-9.300764784946237,2.457798387096774,3.233763440860215,6.706844086021505,0.34892069892473115,-1.7814086021505375,5.63941129032258,3.807248655913978,-6.733611559139785,0.022298387096774192,-5.892297043010752,2.9833252688172043,-4.556745967741936,-3.108159946236559,9.407002688172044,-2.8982405913978497,-3.724547043010753,-1.6226908602150536,-4.702649193548387
2019-02-01,0.7995282738095238,5.006589285714286,2.139126488095238,1.4346592261904763,0.5261428571428571,2.9526488095238097,3.5351607142857144,-1.356700892857143,9.497095238095238,-4.237933035714286,5.674886904761904,5.950607142857143,8.004784226190477,4.3104434523809525,2.6155401785714285,7.3099702380952385,6.881892857142857,-1.0455818452380952,2.519041666666667,-0.9935327380952381,5.31369494047619,-1.7737604166666667,1.0054315476190476,11.027869047619047,1.350141369047619,-0.22263392857142858,3.0299002976190477,0.3746220238095238
2019-03-01,5.0388427419354835,7.717891129032258,7.4989865591397855,4.2926290322580645,5.36967876344086,6.248141129032258,5.133896505376344,-0.34790860215053765,11.634655913978493,-2.632735215053763,8.27965188172043,7.141737903225807,11.241737903225806,8.556125,8.085375,7.004958333333334,10.025793010752688,2.036643817204301,6.215450268817205,1.3665672043010753,7.5774341397849465,-1.1785537634408603,4.918569892473118,12.695361559139785,6.726986559139784,1.409622311827957,6.409129032258064,5.245833333333334
2019-04-01,8.574091666666666,10.075905555555556,10.122677777777778,7.179341666666667,9.091844444444444,9.276793055555556,7.7999125,5.561411111111111,12.532425,4.553351388888889,10.073147222222222,8.348230555555554,13.522273611111112,11.806984722222223,12.585223611111113,8.667990277777779,12.268138888888888,7.281976388888889,8.7392875,6.763958333333334,10.103270833333333,5.032580555555556,9.22295,13.243302777777778,10.18217361111111,6.237511111111111,9.628158333333333,9.857640277777778
2019-05-01,9.843787634408603,11.781206989247313,15.669672043010754,9.049408602150537,11.073377688172044,11.20160887096774,10.41172311827957,10.11366129032258,16.87099193548387,8.78117876344086,12.464602150537635,10.935520161290322,18.006127688172043,13.164681451612902,14.217903225806452,10.702182795698924,14.053072580645162,12.291104838709678,10.876732526881721,11.559204301075269,11.781489247311828,7.126802419354839,12.367513440860215,17.228727150537637,15.546162634408601,9.508258064516129,11.204662634408603,11.850096774193547
2019-06-01,20.204475,18.254893055555556,21.979772222222223,18.098433333333332,21.13753888888889,20.029033333333334,16.724597222222222,17.072736111111112,20.90206388888889,15.580205555555555,18.828244444444444,13.993308333333335,25.084691666666664,22.538337499999997,23.347465277777776,12.619397222222222,23.571872222222222,19.497019444444444,18.891448611111112,18.730179166666666,18.217294444444445,12.54022361111111,21.776193055555556,17.656883333333333,22.30826388888889,16.543122222222223,21.02300972222222,21.20417638888889
2019-07-01,19.780368279569892,19.618891129032257,22.92836827956989,19.017123655913977,20.310262096774192,19.873537634408603,17.42758870967742,17.051762096774194,24.86868682795699,16.01176747311828,21.719407258064514,17.337061827956987,26.49735080645161,23.319086021505377,22.885594086021506,15.884782258064517,25.41370698924731,16.72114919354839,20.69360483870968,16.694504032258063,19.06259811827957,14.793713709677418,19.543706989247312,20.971905913978496,22.264700268817208,17.02757258064516,21.22757123655914,20.03427688172043
2019-08-01,19.621224462365593,19.309865591397852,23.9874126344086,18.1727311827957,20.309865591397852,19.977864247311828,18.114163978494624,17.264762096774195,24.543850806451612,15.486197580645161,20.61182123655914,16.700432795698923,27.253166666666665,24.17598252688172,24.182571236559138,15.254047043010754,25.45117069892473,17.79126747311828,19.920780913978493,17.35421505376344,19.31541935483871,14.305282258064516,20.863591397849465,20.961129032258064,24.000283602150535,17.120513440860215,21.16248252688172,21.27299059139785
2019-09-01,14.153083333333333,15.263094444444445,19.410127777777777,13.779594444444445,14.3018125,14.660030555555554,14.088631944444446,12.835666666666667,20.894280555555554,10.400316666666667,17.011316666666666,13.902868055555556,23.381065277777775,18.433906944444445,17.911355555555556,13.50525,20.762811111111112,12.533691666666666,14.844840277777777,12.522519444444445,15.383518055555555,9.292304166666666,14.79393888888889,20.246051388888887,18.724581944444445,12.155245833333334,15.875109722222222,15.009066666666667
2019-10-01,10.269956989247312,11.55415053763441,14.787657258064517,10.602168010752688,9.894041666666666,10.82767876344086,9.96696505376344,7.167310483870968,17.185709677419354,3.558704301075269,13.228224462365592,9.779318548387097,19.544569892473117,14.045456989247311,12.904697580645161,9.606157258064515,16.676448924731183,8.531930107526883,10.60333870967742,8.20377688172043,11.677830645161292,3.611395161290323,10.468538978494623,16.72134677419355,13.182922043010752,6.333653225806452,11.772754032258065,10.340043010752689
2019-11-01,4.380297222222222,5.734361111111111,10.550426388888889,3.0861319444444444,5.041155555555556,4.684019444444445,6.010734722222223,2.231725,10.920695833333333,-1.155273611111111,7.001040277777777,6.137076388888889,15.962393055555557,9.716483333333334,8.245111111111111,6.69135,11.01245138888889,3.865402777777778,4.306672222222223,3.2759375000000004,6.214840277777778,-1.767873611111111,5.595744444444445,13.276965277777778,8.876627777777777,2.1907819444444447,6.829840277777778,6.2180180555555555
2019-12-01,0.6778870967741936,4.901724462365591,3.5537607526881723,1.3154233870967742,1.1214448924731184,3.0031599462365595,4.554629032258064,1.519779569892473,10.167198924731183,-1.443481182795699,6.03997311827957,5.606462365591398,10.20407258064516,4.54734811827957,2.272938172043011,6.207309139784947,7.521948924731182,0.9771021505376344,3.269951612903226,1.415614247311828,5.260646505376344,-1.4412862903225807,1.7185752688172042,11.521383064516128,2.5771209677419353,1.0201935483870967,2.423861559139785,0.3855712365591398
